order_id,date,time,order_type,branch_code,order_items,order_price,customer_lat,customer_lon,customerHasloyalty?,distance_to_customer_KM,delivery_fee
ORDC05335,2018-12-17,19:39:43,Dinner,NS,"[('Salmon', 3), ('Shrimp', 9), ('Fish&Chips', 5)]",784.0,-37.808112,144.9509394,0,8.617,15.132300099999998
ORDK09269,2018-01-29,08:50:42,Breakfast,BK,"[('Pancake', 9), ('Eggs', 9), ('Coffee', 2)]",431.25,-37.8249499,144.9333453,0,11.005999999999998,15.6976212
ORDX01872,2018-04-15,11:22:49,Breakfast,BK,"[('Pancake', 8), ('Cereal', 8), ('Coffee', 10), ('Eggs', 2)]",481.0,-37.8071407,144.97119730000003,0,6.742000000000001,14.2227927
ORDK03843,2018-02-11,09:21:07,Breakfast,BK,"[('Eggs', 3), ('Coffee', 10)]",141.0,-37.812096000000004,144.97043069999998,0,7.037999999999999,14.4848184
ORDX09910,2018-07-21,14:35:29,Lunch,BK,"[('Salad', 1), ('Burger', 10)]",584.75,-37.807840999999996,144.938431,0,10.139,18.5724571
ORDA03711,2018-06-12,13:24:30,Lunch,BK,"[('Burger', 10), ('Salad', 2), ('Chicken', 8), ('Fries', 1)]",612.4,-37.803285200000005,144.9461326,0,9.18,15.4456367
ORDC01761,2018-11-12,18:28:43,Dinner,NS,"[('Shrimp', 6), ('Salmon', 7), ('Pasta', 1), ('Fish&Chips', 10)]",988.5,-37.8037888,144.9780208,0,7.169,12.6639459
ORDI02419,2018-05-03,12:03:22,Lunch,NS,"[('Steak', 2), ('Chicken', 2), ('Burger', 6), ('Fries', 9), ('Salad', 9)]",602.8,-37.8105079,144.9637216,0,7.784,12.829378199999999
ORDB07845,2018-12-24,19:49:51,Dinner,TP,"[('Fish&Chips', 10), ('Salmon', 6), ('Shrimp', 9), ('Pasta', 3)]",1164.5,-37.8192448,145.0052222,0,11.056,14.436091399999999
ORDZ09364,2018-10-19,17:38:01,Dinner,NS,"[('Pasta', 5), ('Shrimp', 6), ('Salmon', 7), ('Fish&Chips', 6)]",958.5,-37.8185184,144.9670945,0,8.476,14.408937900000002
ORDY07104,2018-10-07,17:17:44,Dinner,TP,"[('Pasta', 10), ('Salmon', 7)]",380.0,-37.806468100000004,144.9558626,0,9.26,14.9583799
ORDY00570,2018-01-11,08:20:16,Breakfast,TP,"[('Coffee', 1), ('Cereal', 4)]",91.5,-37.815235200000004,144.9635467,1,7.9,5.1140144
ORDK05276,2018-09-07,16:16:54,Dinner,BK,"[('Pasta', 10), ('Salmon', 8)]",603.0,-37.8036633,144.9626737,1,7.712999999999999,14.197887300000001
ORDC07501,2018-06-22,13:44:47,Lunch,NS,"[('Fries', 3), ('Steak', 4), ('Chicken', 9)]",504.0,-37.803468200000005,144.96273530000002,0,7.122000000000001,12.5253606
ORDI03152,2018-06-22,13:34:38,Lunch,NS,"[('Burger', 7), ('Fries', 9), ('Salad', 7)]",445.4,-37.8061658,144.9995386,0,10.168,15.8063511
ORDX00791,2018-02-10,09:10:59,Breakfast,BK,"[('Pancake', 9), ('Eggs', 4)]",306.25,-37.806430799999994,144.95959230000003,0,7.749,14.9983611
ORDX07636,2018-07-03,14:05:04,Lunch,BK,"[('Salad', 4), ('Burger', 2), ('Fries', 9), ('Chicken', 9)]",526.8,-37.809669799999995,144.9637071,0,7.4,13.4011054
ORDC01992,2018-09-17,16:37:10,Dinner,NS,"[('Pasta', 5), ('Fish&Chips', 8)]",417.5,-37.819384,145.00835969999997,0,10.870999999999999,16.8126252
ORDX08850,2018-05-08,12:13:31,Lunch,BK,"[('Salad', 2), ('Chicken', 1), ('Steak', 2), ('Burger', 9)]",435.4,-37.8223792,144.9340469,0,10.716,16.6352744
ORDB09623,2018-08-13,15:26:11,Lunch,TP,"[('Chicken', 3), ('Fries', 2), ('Salad', 2), ('Steak', 8), ('Burger', 1)]",545.4,-37.8103133,144.9883833,0,10.048,13.147197199999997
ORDC09401,2018-05-23,12:43:56,Lunch,NS,"[('Chicken', 3), ('Steak', 8), ('Salad', 10)]",628.0,-37.8151172,144.98408840000002,1,8.609,14.0483592
ORDX08310,2018-04-19,11:32:57,Breakfast,BK,"[('Pancake', 10), ('Cereal', 4), ('Coffee', 1)]",334.0,-37.8131411,144.9738925,0,6.832000000000001,11.229494099999998
ORDI06905,2018-12-03,19:09:17,Dinner,NS,"[('Pasta', 7), ('Shrimp', 7), ('Fish&Chips', 6), ('Salmon', 8)]",367.0,-37.8171956,145.0143755,0,11.744000000000002,17.1642523
ORDZ10945,2018-12-09,19:19:26,Dinner,NS,"[('Fish&Chips', 7), ('Salmon', 4)]",262.25,-37.820422799999996,144.9909987,0,9.495,17.9795688
ORDZ04772,2018-05-12,12:13:31,Lunch,NS,"[('Salad', 3), ('Burger', 2)]",113.6,-37.8026551,144.9651658,0,6.766,14.3808666
ORDX08885,2018-07-10,14:15:12,Lunch,BK,"[('Salad', 5), ('Fries', 9), ('Chicken', 3), ('Steak', 9), ('Burger', 5)]",850.0,-37.8214346,144.99866719999997,0,5.216,11.1901456
ORDC04719,2018-05-03,12:03:22,Lunch,NS,"[('Fries', 4), ('Burger', 2), ('Steak', 9), ('Salad', 10)]",687.0,-37.8067761,144.9583254,0,7.761,13.0436097
ORDA02433,2018-04-01,10:52:23,Breakfast,BK,"[('Cereal', 9), ('Pancake', 4), ('Eggs', 4)]",374.0,-37.817049,144.9534384,0,8.644,16.257530300000003
ORDB04902,2018-04-11,11:12:40,Breakfast,TP,"[('Cereal', 7), ('Coffee', 3)]",169.5,-37.795156899999995,144.93667050000002,0,11.705,14.4511107
ORDJ03824,2018-03-08,10:11:49,Breakfast,TP,"[('Coffee', 8), ('Cereal', 8), ('Eggs', 5), ('Pancake', 4)]",435.0,-37.8079064,144.9730355,0,9.245,11.9184439
ORDJ05278,2018-01-11,08:20:16,Breakfast,TP,"[('Eggs', 6), ('Coffee', 9), ('Pancake', 4)]",296.5,-37.8141982,144.96322759999998,1,8.016,5.0457582
ORDB10078,2018-12-24,19:49:51,Dinner,TP,"[('Fish&Chips', 6), ('Pasta', 8), ('Shrimp', 3), ('Salmon', 1)]",633.0,-37.8229212,144.98747969999997,0,9.359,13.060573199999999
ORDJ10193,2018-06-10,13:14:21,Lunch,TP,"[('Burger', 9), ('Fries', 2), ('Steak', 3), ('Chicken', 3), ('Salad', 3)]",585.6,-37.8215034,144.98635019999998,0,9.27,14.408181900000002
ORDX06402,2018-02-15,09:21:07,Breakfast,BK,"[('Coffee', 9), ('Pancake', 9)]",285.75,-37.8118825,144.9695648,0,7.166,12.044509699999999
ORDK00314,2018-08-15,15:26:11,Lunch,BK,"[('Burger', 3), ('Chicken', 2), ('Fries', 4), ('Steak', 7), ('Salad', 5)]",765.0,-37.8089287,144.98256919999997,0,5.686,11.2941768
ORDJ04559,2018-02-09,09:10:59,Breakfast,TP,"[('Coffee', 6), ('Eggs', 4), ('Cereal', 2)]",175.0,-37.799949,144.9588616,0,9.78,12.4548293
ORDK06446,2018-07-26,14:45:38,Lunch,BK,"[('Salad', 2), ('Steak', 10), ('Burger', 4)]",1164.5,-37.8043032,144.9673419,0,7.361000000000001,13.4891848
ORDC02304,2018-12-30,20:00:00,Dinner,NS,"[('Fish&Chips', 5), ('Salmon', 7)]",462.0,-37.806506899999995,144.96149430000003,0,7.461,15.1121116
ORDJ05518,2018-10-29,17:58:18,Dinner,TP,"[('Fish&Chips', 9), ('Salmon', 8)]",255.0,-37.8195648,144.96911599999999,0,7.35,11.7726806
ORDJ06131,2018-11-06,18:18:35,Dinner,TP,"[('Fish&Chips', 10), ('Salmon', 10), ('Pasta', 9), ('Shrimp', 2)]",1115.5,-37.8142098,144.9629982,0,8.032,12.978572
ORDC08355,2018-01-27,08:50:42,Breakfast,NS,"[('Coffee', 10), ('Cereal', 2), ('Pancake', 6), ('Eggs', 1)]",284.5,-37.8228248,144.95794919999997,0,7.747000000000001,16.4358687
ORDB05832,2018-02-01,09:00:50,Breakfast,TP,"[('Eggs', 7), ('Pancake', 5)]",275.25,-37.8255051,144.9803904,0,7.749,11.4624726
ORDC05142,2018-11-02,18:08:27,Dinner,NS,"[('Fish&Chips', 3), ('Salmon', 8), ('Pasta', 3), ('Shrimp', 8)]",320.75,-37.8276586,144.9858855,0,9.772,15.954181699999998
ORDX04215,2018-04-14,11:22:49,Breakfast,BK,"[('Cereal', 10), ('Coffee', 4), ('Pancake', 10)]",482.5,-37.817947700000005,144.9934677,0,5.361000000000001,12.809388900000002
ORDZ09616,2018-06-08,13:14:21,Lunch,NS,"[('Chicken', 7), ('Fries', 9), ('Burger', 8)]",580.0,-37.8048558,144.95130580000003,0,8.261000000000001,13.9943203
ORDX00435,2018-04-28,11:53:14,Breakfast,BK,"[('Pancake', 10), ('Eggs', 10), ('Cereal', 8), ('Coffee', 1)]",638.0,-37.8064703,144.9630062,0,7.454,14.565602499999999
ORDA05838,2018-06-17,13:34:38,Lunch,BK,"[('Chicken', 9), ('Burger', 8), ('Steak', 1), ('Fries', 8), ('Salad', 5)]",528.5,-37.806196,144.9583042,0,7.85,16.2757604
ORDB06804,2018-10-20,17:38:01,Dinner,TP,"[('Fish&Chips', 10), ('Shrimp', 3), ('Salmon', 6)]",758.0,-37.8232066,144.9699894,0,7.966,14.0347011
ORDX06934,2018-06-21,13:34:38,Lunch,BK,"[('Chicken', 7), ('Steak', 7)]",539.0,-37.8139265,145.00785459999997,0,3.674,9.1883547
ORDX08919,2018-01-09,08:10:08,Breakfast,BK,"[('Coffee', 2), ('Eggs', 7), ('Pancake', 1)]",193.25,-37.8144545,144.95489369999999,1,8.367,6.693540400000001
ORDB10873,2018-05-06,12:03:22,Lunch,TP,"[('Fries', 4), ('Salad', 9), ('Chicken', 6), ('Burger', 7), ('Steak', 8)]",971.8,-37.8078294,144.9340727,0,10.860999999999999,15.5019454
ORDB01949,2018-11-21,18:49:00,Dinner,TP,"[('Salmon', 7), ('Shrimp', 2)]",395.0,-37.8030387,144.92972690000002,0,11.378,15.1633541
ORDZ01852,2018-01-29,08:50:42,Breakfast,NS,"[('Cereal', 6), ('Coffee', 3), ('Pancake', 7), ('Eggs', 8)]",494.25,-37.8049956,144.9676366,1,6.752999999999999,11.9480263
ORDX05633,2018-08-18,15:36:20,Lunch,BK,"[('Fries', 10), ('Salad', 2)]",154.4,-37.8098465,145.00289619999998,0,3.99,11.760076
ORDI08238,2018-07-26,14:45:38,Lunch,NS,"[('Burger', 10), ('Chicken', 4), ('Salad', 10), ('Fries', 1)]",622.0,-37.804277500000005,144.96893630000002,0,6.547000000000001,12.353949400000001
ORDK10172,2018-07-16,14:25:21,Lunch,BK,"[('Steak', 1), ('Fries', 4), ('Chicken', 6)]",285.0,-37.80564520000001,144.9952511,0,5.042,10.5120634
ORDY10332,2018-11-16,18:38:52,Dinner,TP,"[('Fish&Chips', 9), ('Pasta', 2), ('Shrimp', 10)]",910.0,-37.821333,144.9834794,0,8.947000000000001,12.6928772
ORDB03661,2018-01-17,08:30:25,Breakfast,TP,"[('Coffee', 10), ('Eggs', 4), ('Pancake', 9), ('Cereal', 6)]",507.25,-37.812071,145.0156606,1,13.083,7.4935845
ORDZ04217,2018-09-13,16:27:02,Dinner,NS,"[('Pasta', 9), ('Shrimp', 10), ('Fish&Chips', 4), ('Salmon', 2)]",1009.5,-37.807471500000005,144.94217709999998,0,9.39,15.7432274
ORDY01110,2018-09-08,16:16:54,Dinner,TP,"[('Shrimp', 7), ('Salmon', 10)]",788.0,-37.8084848,144.925964,0,11.445,16.5361331
ORDB07075,2018-08-31,15:56:37,Lunch,TP,"[('Burger', 2), ('Fries', 4), ('Chicken', 7), ('Salad', 5)]",420.0,-37.8034359,144.9627121,0,9.399,12.781945
ORDC03796,2018-01-29,08:50:42,Breakfast,NS,"[('Pancake', 2), ('Eggs', 4)]",136.5,-37.8245745,144.9357416,0,11.017000000000001,15.8042385
ORDI04519,2018-12-23,19:49:51,Dinner,NS,"[('Fish&Chips', 1), ('Salmon', 3), ('Shrimp', 9), ('Pasta', 7)]",836.5,-37.818350200000005,145.0038524,1,10.495,18.5480305
ORDK05114,2018-09-16,16:27:02,Dinner,BK,"[('Shrimp', 2), ('Pasta', 5), ('Fish&Chips', 2)]",315.5,-37.814807,144.9726604,0,6.917000000000001,16.3541478
ORDJ06882,2018-04-05,11:02:32,Breakfast,TP,"[('Coffee', 5), ('Eggs', 2)]",81.5,-37.8189711,144.95199440000002,0,8.649,10.992089300000002
ORDB07910,2018-07-28,14:55:46,Lunch,TP,"[('Chicken', 9), ('Fries', 8), ('Salad', 1)]",401.2,-37.8115721,144.9590624,0,7.242000000000001,13.2864581
ORDJ04792,2018-04-15,11:22:49,Breakfast,TP,"[('Coffee', 10), ('Cereal', 7)]",222.0,-37.804830200000005,144.9460522,0,8.166,13.955817499999998
ORDI09324,2018-08-05,15:05:54,Lunch,NS,"[('Salad', 6), ('Fries', 8), ('Chicken', 8), ('Burger', 3), ('Steak', 2)]",638.2,-37.8130247,144.95216340000002,0,8.515,15.815617999999999
ORDC07033,2018-10-12,17:27:53,Dinner,NS,"[('Pasta', 5), ('Shrimp', 7)]",515.5,-37.81800870000001,144.9668486,0,9.168,14.445874400000001
ORDI05160,2018-02-25,09:41:24,Breakfast,NS,"[('Eggs', 9), ('Cereal', 4), ('Coffee', 2)]",297.0,-37.8145906,144.9616841,0,8.214,15.0672035
ORDX06823,2018-01-31,09:00:50,Breakfast,BK,"[('Eggs', 5), ('Coffee', 2), ('Pancake', 7)]",294.75,-37.824675799999994,144.9890462,0,6.42,11.5270101
ORDZ04918,2018-11-01,18:08:27,Dinner,NS,"[('Fish&Chips', 4), ('Cereal', 7)]",332.5,-37.825335700000004,144.9816501,0,9.546,15.1319082
ORDJ05936,2018-04-20,11:32:57,Breakfast,TP,"[('Cereal', 5), ('Eggs', 4)]",193.0,-37.818397999999995,144.96855549999998,0,7.928,9.9660344
ORDA09762,2018-04-11,11:12:40,Breakfast,BK,"[('Eggs', 4), ('Cereal', 6), ('Pancake', 4)]",311.0,-37.826438,144.9519378,0,9.276,14.032222400000002
ORDB07648,2018-12-23,19:49:51,Dinner,TP,"[('Shrimp', 6), ('Salmon', 2)]",406.0,-37.8003919,144.9609668,0,9.675,14.639169099999998
ORDB08711,2018-07-10,14:15:12,Lunch,TP,"[('Burger', 9), ('Fries', 8), ('Chicken', 6), ('Salad', 8), ('Steak', 9)]",1109.6,-37.799192100000006,144.9865731,1,10.984000000000002,14.485110199999998
ORDI10508,2018-03-12,10:11:49,Breakfast,NS,"[('Cereal', 6), ('Pancake', 10), ('Coffee', 8)]",428.5,-37.8225268,144.9834835,0,13.443,14.3208768
ORDB06844,2018-09-30,16:57:27,Dinner,TP,"[('Pasta', 9), ('Fish&Chips', 6), ('Shrimp', 5), ('Salmon', 4)]",891.5,-37.81509260000001,144.9412892,0,10.001,15.5741
ORDI10004,2018-08-03,15:05:54,Lunch,NS,"[('Burger', 10), ('Chicken', 3), ('Salad', 5), ('Steak', 5), ('Fries', 4)]",765.0,-37.8186761,144.96716740000002,0,8.515,14.049056900000002
ORDB09867,2018-05-14,12:23:39,Lunch,TP,"[('Fries', 7), ('Burger', 9), ('Steak', 10), ('Chicken', 10)]",603.0,-37.80006229999999,145.0052351,0,12.425,15.4332239
ORDJ01901,2018-05-18,12:33:48,Lunch,TP,"[('Fries', 4), ('Burger', 4), ('Chicken', 6), ('Salad', 4), ('Steak', 1)]",477.8,-37.8150899,144.9563101,0,8.41,12.3628237
ORDK03871,2018-01-11,08:20:16,Breakfast,BK,"[('Cereal', 6), ('Eggs', 8), ('Pancake', 10), ('Coffee', 4)]",574.5,-37.7993218,144.9838369,1,6.632000000000001,5.8147535
ORDK01611,2018-08-14,15:26:11,Lunch,BK,"[('Fries', 2), ('Salad', 8)]",161.6,-37.8062311,144.9395274,0,10.128,16.0244362
ORDC02477,2018-08-10,15:16:03,Lunch,NS,"[('Burger', 1), ('Salad', 5), ('Steak', 8)]",477.0,-37.799094700000005,144.96329540000002,0,6.925,11.928624800000001
ORDI05625,2018-01-02,08:00:00,Breakfast,NS,"[('Pancake', 9), ('Eggs', 5), ('Coffee', 4), ('Cereal', 7)]",505.25,-37.8151591,144.93646280000002,1,9.96,7.4279708
ORDJ08459,2018-04-21,11:32:57,Breakfast,TP,"[('Cereal', 7), ('Eggs', 8), ('Coffee', 4), ('Pancake', 9)]",567.5,-37.81970689999999,144.9721401,0,7.94,12.305914900000001
ORDY10960,2018-05-28,12:54:05,Lunch,TP,"[('Chicken', 7), ('Steak', 10)]",674.0,-37.8144748,144.9737909,1,8.497,11.8567069
ORDY00644,2018-03-12,10:11:49,Breakfast,TP,"[('Coffee', 10), ('Cereal', 2), ('Eggs', 6)]",249.0,-37.8241602,144.9803434,0,9.024,11.5378332
ORDJ00412,2018-11-29,18:59:09,Dinner,TP,"[('Pasta', 5), ('Fish&Chips', 1)]",172.5,-37.8107719,144.95663330000002,0,8.609,12.9283367
ORDB04147,2018-09-07,16:16:54,Dinner,TP,"[('Shrimp', 3), ('Salmon', 4), ('Fish&Chips', 7)]",571.0,-37.820055700000005,144.9768385,1,8.477,12.5153187
ORDJ03796,2018-12-15,19:29:34,Dinner,TP,"[('Cereal', 1), ('Pasta', 9), ('Salmon', 3)]",424.5,-37.8094689,144.9726522,0,9.099,14.8401659
ORDY06457,2018-05-01,11:53:14,Breakfast,TP,"[('Eggs', 8), ('Cereal', 8), ('Coffee', 3), ('Pancake', 9)]",584.75,-37.8086645,144.95073169999998,0,9.382,11.447471400000001
ORDI08945,2018-06-07,13:04:13,Lunch,NS,"[('Burger', 7), ('Steak', 7), ('Chicken', 9), ('Salad', 1)]",837.2,-37.803608000000004,144.9493864,0,8.494,14.255235800000001
ORDA06248,2018-06-11,13:14:21,Lunch,BK,"[('Chicken', 10), ('Burger', 5), ('Fries', 3), ('Steak', 10)]",961.0,-37.8237941,144.9474733,0,9.475,15.815552100000001
ORDC02208,2018-03-04,10:01:41,Breakfast,NS,"[('Coffee', 9), ('Steak', 6)]",193.5,-37.814791,144.93428559999998,0,10.226,16.7850718
ORDZ03545,2018-10-25,17:48:10,Dinner,NS,"[('Coffee', 3), ('Shrimp', 1)]",159.0,-37.8056609,144.97146940000002,0,6.817,12.2149563
ORDY01371,2018-07-13,14:25:21,Lunch,TP,"[('Salad', 10), ('Burger', 2), ('Fries', 6), ('Steak', 1), ('Chicken', 3)]",447.0,-37.818709399999996,145.0007791,0,10.657,13.5503622
ORDI04070,2018-10-17,17:38:01,Dinner,NS,"[('Pasta', 6), ('Shrimp', 2), ('Fish&Chips', 9)]",588.0,-37.802445,144.95019580000002,0,8.288,13.687444500000002
ORDI03240,2018-04-27,11:43:05,Breakfast,NS,"[('Eggs', 10), ('Coffee', 8)]",280.0,-37.8122974,145.00495800000002,0,10.04,14.6406759
ORDK02488,2018-03-14,10:21:58,Breakfast,BK,"[('Cereal', 2), ('Pancake', 8), ('Coffee', 3), ('Eggs', 1)]",280.5,-37.813008200000006,144.95211709999998,0,8.599,13.5316853
ORDB05423,2018-12-12,19:29:34,Dinner,TP,"[('Shrimp', 6), ('Salmon', 1)]",365.0,-37.8208494,144.955155,0,8.182,12.3942291
ORDY10209,2018-10-18,17:38:01,Dinner,TP,"[('Pasta', 7), ('Salmon', 9), ('Fish&Chips', 7), ('Shrimp', 2)]",914.5,-37.8021809,144.9487348,0,10.112,14.018507199999998
ORDI03313,2018-07-24,14:45:38,Lunch,NS,"[('Steak', 6), ('Salad', 8), ('Burger', 7), ('Fries', 4), ('Chicken', 6)]",864.6,-37.8000414,144.9636496,0,6.756,12.566770199999999
ORDX02686,2018-08-31,15:56:37,Lunch,BK,"[('Chicken', 5), ('Steak', 8), ('Burger', 3)]",613.0,-37.808570700000004,144.9612186,0,7.74,13.6755825
ORDI10380,2018-07-22,14:35:29,Lunch,NS,"[('Salad', 10), ('Salmon', 8), ('Chicken', 5)]",692.0,-37.8219372,144.95209319999998,0,9.649,17.0257158
ORDY08793,2018-07-24,14:45:38,Lunch,TP,"[('Burger', 10), ('Chicken', 3), ('Steak', 2)]",496.0,-37.8034867,144.94981930000003,0,9.917,13.5463178
ORDK07311,2018-09-03,16:06:45,Dinner,BK,"[('Fish&Chips', 2), ('Pasta', 3), ('Shrimp', 10)]",692.5,-37.80726129999999,144.97814250000002,0,6.207000000000001,13.1908908
ORDC10534,2018-11-15,18:28:43,Dinner,NS,"[('Shrimp', 4), ('Salmon', 5), ('Pasta', 3)]",503.5,-37.809920299999995,144.97840119999998,0,7.716,13.9695696
ORDK03678,2018-03-21,10:32:06,Breakfast,BK,"[('Eggs', 7), ('Cereal', 9)]",343.0,-37.813956899999994,144.9601516,0,7.95,13.0867134
ORDA04698,2018-10-04,17:07:36,Dinner,BK,"[('Salmon', 4), ('Shrimp', 2), ('Pasta', 3), ('Fish&Chips', 2)]",424.5,-37.8082252,144.9398885,0,10.002,17.2019261
ORDZ02629,2018-12-29,20:00:00,Dinner,NS,"[('Pasta', 10), ('Salmon', 2), ('Fish&Chips', 9), ('Shrimp', 2)]",780.0,-37.8159589,144.9380844,0,9.935,18.1277236
ORDB07736,2018-01-25,08:40:33,Breakfast,TP,"[('Eggs', 1), ('Coffee', 5), ('Cereal', 8), ('Pancake', 6)]",373.0,-37.8123421,144.9622123,0,8.25,11.308241699999998
ORDY10150,2018-03-27,10:42:15,Breakfast,TP,"[('Salmon', 9), ('Coffee', 10)]",293.25,-37.8182522,145.00155900000001,0,10.773,13.1284959
ORDY00285,2018-04-03,11:02:32,Breakfast,TP,"[('Pancake', 1), ('Cereal', 2)]",66.25,-37.8053576,144.97360319999999,0,9.533999999999999,12.8028441
ORDI02312,2018-01-27,08:50:42,Breakfast,NS,"[('Pancake', 6), ('Eggs', 3), ('Cereal', 5)]",316.5,-37.8097826,144.935871,0,10.021,17.2470085
ORDC00679,2018-07-19,14:35:29,Lunch,NS,"[('Chicken', 3), ('Fries', 10)]",216.0,-37.805724100000006,144.9772011,0,7.12,12.3719149
ORDC04084,2018-03-14,10:21:58,Breakfast,NS,"[('Coffee', 1), ('Cereal', 8), ('Pancake', 3)]",248.25,-37.7991659,144.99446880000002,0,8.554,13.8678107
ORDJ09384,2018-03-23,10:42:15,Breakfast,TP,"[('Cereal', 7), ('Pancake', 10)]",389.5,-37.8202406,144.9854959,0,9.202,12.2938185
ORDY07118,2018-03-24,10:42:15,Breakfast,TP,"[('Coffee', 6), ('Pancake', 9)]",263.25,-37.8200618,145.0132237,0,11.774000000000001,15.369785199999999
ORDI06359,2018-03-11,10:11:49,Breakfast,NS,"[('Eggs', 2), ('Coffee', 8), ('Cereal', 6)]",230.0,-37.80452460000001,144.9632753,0,7.166,14.3918671
ORDJ01822,2018-07-29,14:55:46,Lunch,TP,"[('Steak', 7), ('Burger', 2), ('Chicken', 6)]",569.0,-37.8150746,144.94511430000003,1,9.554,14.496523199999999
ORDY06003,2018-06-06,13:04:13,Lunch,TP,"[('Fries', 4), ('Burger', 6), ('Steak', 5), ('Chicken', 7)]",683.0,-37.8034206,144.9491175,0,9.947000000000001,13.0698177
ORDK10564,2018-09-11,16:27:02,Dinner,BK,"[('Fish&Chips', 8), ('Pasta', 8), ('Shrimp', 8)]",932.0,-37.8083078,144.9686756,0,6.942,13.957949800000002
ORDC07476,2018-04-13,11:22:49,Breakfast,NS,"[('Pancake', 1), ('Cereal', 3), ('Coffee', 9)]",154.75,-37.8178498,144.9746051,0,8.181000000000001,13.229405599999998
ORDX10608,2018-07-24,14:45:38,Lunch,BK,"[('Steak', 7), ('Chicken', 4), ('Fries', 7), ('Burger', 8)]",775.0,-37.80026420000001,144.9635872,0,8.031,13.874811
ORDZ07732,2018-08-31,15:56:37,Lunch,NS,"[('Steak', 8), ('Burger', 5)]",515.0,-37.8079464,144.96088989999998,0,7.551,12.9099189
ORDY08667,2018-06-16,13:24:30,Lunch,TP,"[('Chicken', 7), ('Burger', 6)]",410.0,-37.8138626,145.00932659999998,0,11.898,16.2834346
ORDX09836,2018-07-27,14:45:38,Lunch,BK,"[('Salad', 1), ('Fries', 3)]",53.2,-37.8239391,144.98250119999997,0,6.855,12.6557405
ORDB10493,2018-04-06,11:02:32,Breakfast,TP,"[('Pancake', 9), ('Cereal', 4), ('Eggs', 1), ('Coffee', 7)]",376.75,-37.8184408,144.9641801,1,7.617999999999999,10.6263879
ORDZ08988,2018-08-04,15:05:54,Lunch,NS,"[('Fries', 6), ('Shrimp', 2)]",136.0,-37.8034692,144.9497639,0,8.333,15.8933171
ORDX00934,2018-12-07,19:19:26,Dinner,BK,"[('Salmon', 3), ('Fish&Chips', 8), ('Shrimp', 6)]",727.0,-37.810457799999995,145.0115275,1,3.884,10.4272869
ORDY09927,2018-01-27,08:50:42,Breakfast,TP,"[('Coffee', 2), ('Eggs', 5)]",125.0,-37.8053969,144.9839811,0,10.115,13.9446405
ORDY02308,2018-09-13,16:27:02,Dinner,TP,"[('Pasta', 3), ('Fish&Chips', 2)]",152.5,-37.8045269,144.9272992,0,11.472999999999999,14.895130900000002
ORDZ02043,2018-08-07,15:16:03,Lunch,NS,"[('Fries', 10), ('Steak', 6), ('Chicken', 2)]",454.0,-37.810111600000006,144.9621865,1,7.5729999999999995,13.4786696
ORDK02576,2018-07-31,14:55:46,Lunch,BK,"[('Steak', 7), ('Salad', 1), ('Chicken', 1)]",364.2,-37.812724700000004,144.9832618,0,5.888999999999999,12.2871813
ORDJ03632,2018-06-01,12:54:05,Lunch,TP,"[('Salad', 1), ('Burger', 5), ('Fries', 10), ('Chicken', 7)]",516.2,-37.820953,144.9475811,0,8.97,12.2221296
ORDB03837,2018-02-07,09:10:59,Breakfast,TP,"[('Eggs', 6), ('Pancake', 2), ('Cereal', 2), ('Coffee', 6)]",267.5,-37.8095786,144.97657809999998,0,9.156,11.250357600000001
ORDZ03939,2018-10-25,17:48:10,Dinner,NS,"[('Fish&Chips', 7), ('Salmon', 1)]",286.0,-37.8056394,144.97152759999997,0,6.8229999999999995,12.6938203
ORDC08181,2018-07-23,14:45:38,Lunch,NS,"[('Fries', 6), ('Chicken', 5), ('Steak', 9), ('Burger', 2)]",699.0,-37.8144895,144.97217880000002,0,7.75,13.450737599999998
ORDY07952,2018-04-23,11:43:05,Breakfast,TP,"[('Eggs', 9), ('Pancake', 7), ('Cereal', 6), ('Coffee', 6)]",538.75,-37.8189019,144.95313149999998,0,7.635,10.5627963
ORDB00565,2018-03-04,10:01:41,Breakfast,TP,"[('Pancake', 7), ('Fish&Chips', 10)]",379.75,-37.819742,145.00108899999998,0,10.815999999999999,14.943055900000001
ORDK03959,2018-06-09,13:14:21,Lunch,BK,"[('Burger', 5), ('Fries', 6), ('Pasta', 3), ('Steak', 3), ('Salad', 7)]",578.4,-37.8260948,144.9580486,0,9.078,17.4595723
ORDI10998,2018-12-05,19:09:17,Dinner,NS,"[('Pasta', 6), ('Salmon', 2)]",247.0,-37.8212555,144.98374040000002,0,9.164,15.54856
ORDX04016,2018-01-16,08:30:25,Breakfast,BK,"[('Eggs', 4), ('Coffee', 3), ('Cereal', 4), ('Pancake', 9)]",412.75,-37.810031099999996,144.9996581,1,4.218999999999999,4.4659048
ORDJ02294,2018-07-07,14:15:12,Lunch,TP,"[('Burger', 1), ('Salad', 1), ('Fries', 10)]",168.2,-37.8056975,144.94140910000002,1,10.417,14.646370300000001
ORDK03710,2018-08-05,15:05:54,Lunch,BK,"[('Chicken', 3), ('Salad', 1), ('Fries', 9)]",221.2,-37.812284399999996,144.95497980000002,0,8.23,16.6491494
ORDJ09592,2018-03-13,10:21:58,Breakfast,TP,"[('Eggs', 10), ('Coffee', 4), ('Cereal', 9), ('Pancake', 8)]",633.0,-37.8101608,144.98072009999998,0,9.398,12.124519
ORDA09971,2018-05-06,12:03:22,Lunch,BK,"[('Chicken', 4), ('Burger', 4), ('Fries', 7), ('Steak', 4), ('Salad', 2)]",550.4,-37.8081032,144.9477129,0,9.033999999999999,17.3100374
ORDY03892,2018-09-18,16:37:10,Dinner,TP,"[('Salmon', 10), ('Fish&Chips', 5), ('Shrimp', 4)]",848.8,-37.8063758,144.957978,0,9.259,13.227927900000001
ORDZ09675,2018-09-27,16:57:27,Dinner,NS,"[('Fish&Chips', 10), ('Salmon', 6)]",596.0,-37.8024092,145.0158325,0,10.949000000000002,16.6207185
ORDZ00873,2018-07-17,14:25:21,Lunch,NS,"[('Steak', 2), ('Burger', 2), ('Salad', 1), ('Fries', 10)]",289.2,-37.8195536,144.9445256,0,9.786,15.351564199999999
ORDA07564,2018-07-04,14:05:04,Lunch,BK,"[('Chicken', 9), ('Burger', 2), ('Steak', 3), ('Fries', 6), ('Salad', 1)]",574.2,-37.804832299999994,144.9327615,0,10.29,16.3630155
ORDC09231,2018-03-13,10:21:58,Breakfast,NS,"[('Cereal', 4), ('Eggs', 3), ('Coffee', 2)]",165.0,-37.825438899999995,144.9812539,0,9.507,14.384237599999999
ORDI04902,2018-04-28,11:53:14,Breakfast,NS,"[('Eggs', 6), ('Cereal', 8)]",385.5,-37.82350039999999,144.96901530000002,0,9.059,15.470401
ORDK09816,2018-09-25,16:47:19,Dinner,BK,"[('Pasta', 10), ('Fish&Chips', 2)]",517.5,-37.8010162,144.96916169999997,0,7.5520000000000005,14.070708699999999
ORDK10911,2018-01-16,08:30:25,Breakfast,BK,"[('Eggs', 5), ('Coffee', 4)]",140.0,-37.8119424,144.94569330000002,1,9.302,7.363481200000001
ORDI00871,2018-07-31,14:55:46,Lunch,NS,"[('Salad', 2), ('Fries', 9), ('Chicken', 8), ('Steak', 4), ('Burger', 2)]",640.4,-37.8129595,145.0155703,0,12.083,17.764925100000003
ORDC05815,2018-12-27,20:00:00,Dinner,NS,"[('Salmon', 7), ('Fish&Chips', 7)]",532.0,-37.8172426,145.0140944,0,8.765,17.0762675
ORDJ06987,2018-05-27,12:43:56,Lunch,TP,"[('Pasta', 3), ('Steak', 4)]",273.0,-37.8173802,144.94889569999998,0,9.082,14.213702900000001
ORDC07412,2018-11-30,18:59:09,Dinner,NS,"[('Fish&Chips', 10), ('Salmon', 10), ('Pasta', 2), ('Shrimp', 7)]",306.25,-37.8012495,145.0040006,0,9.431000000000001,15.150038
ORDI05575,2018-10-29,17:58:18,Dinner,NS,"[('Fish&Chips', 8), ('Pasta', 4)]",390.0,-37.821029100000004,144.9925782,1,9.69,15.444680400000001
ORDC09391,2018-11-29,18:59:09,Dinner,NS,"[('Salmon', 10), ('Pasta', 5), ('Shrimp', 1)]",601.5,-37.8045919,144.9669554,0,6.856,12.564960699999999
ORDY02450,2018-07-07,14:15:12,Lunch,NS,"[('Salad', 2), ('Chicken', 7)]",258.4,-37.8251753,144.9569422,0,8.082,13.2492547
ORDA08075,2018-08-01,14:55:46,Lunch,BK,"[('Burger', 10), ('Fries', 7), ('Chicken', 10)]",714.0,-37.818711,144.9167989,0,11.969000000000001,17.798326899999996
ORDI04555,2018-09-20,16:37:10,Dinner,NS,"[('Salmon', 6), ('Shrimp', 10), ('Fish&Chips', 2)]",856.0,-37.800981400000005,144.9575755,0,7.359,13.741455800000002
ORDJ09111,2018-03-16,10:21:58,Breakfast,TP,"[('Pancake', 8), ('Cereal', 6)]",320.0,-37.797451099999996,145.0033132,0,12.671,14.167408400000001
ORDK03937,2018-02-14,09:21:07,Breakfast,BK,"[('Eggs', 9), ('Coffee', 7), ('Pancake', 8)]",444.5,-37.803495299999994,144.9629891,0,7.771,12.6154781
ORDC02778,2018-03-03,10:01:41,Breakfast,NS,"[('Pancake', 5), ('Coffee', 10)]",196.25,-37.8074473,144.9781934,0,7.4110000000000005,14.7074001
ORDA03118,2018-12-12,19:29:34,Dinner,BK,"[('Salmon', 3), ('Shrimp', 5), ('Fish&Chips', 1), ('Pasta', 6)]",593.0,-37.8078687,144.9803343,0,5.973,12.3985143
ORDK06025,2018-02-15,09:21:07,Breakfast,BK,"[('Pancake', 7), ('Cereal', 3), ('Coffee', 9)]",300.25,-37.8138709,145.0024239,0,4.196000000000001,8.9662665
ORDX05204,2018-10-05,17:07:36,Dinner,BK,"[('Salmon', 6), ('Fish&Chips', 1)]",281.0,-37.8195848,144.9842554,0,6.367999999999999,13.158663
ORDJ04430,2018-07-12,14:25:21,Lunch,TP,"[('Burger', 3), ('Fries', 2), ('Salad', 7)]",237.4,-37.8187805,145.0007666,0,10.659,13.9971606
ORDX03759,2018-01-18,08:30:25,Breakfast,BK,"[('Pancake', 3), ('Eggs', 9)]",388.5,-37.800036,144.9633442,1,8.068999999999999,6.1184803
ORDX03838,2018-03-23,10:42:15,Breakfast,BK,"[('Eggs', 1), ('Coffee', 5)]",1074.5,-37.8207322,144.9848817,0,6.407,11.2143126
ORDI08657,2018-04-02,11:02:32,Breakfast,NS,"[('Coffee', 9), ('Cereal', 9)]",256.5,-37.813225200000005,144.959461,0,8.107000000000001,13.623803099999998
ORDA08380,2018-11-16,18:38:52,Dinner,BK,"[('Shrimp', 5), ('Fish&Chips', 10)]",620.0,-37.8187166,144.9617144,0,8.097999999999999,14.8490527
ORDB08389,2018-02-11,09:21:07,Breakfast,TP,"[('Cereal', 5), ('Coffee', 6)]",150.0,-37.8117424,144.9702604,0,8.695,12.708604600000001
ORDC09082,2018-02-21,09:41:24,Breakfast,NS,"[('Cereal', 9), ('Coffee', 6)]",234.0,-37.811611,144.95645480000002,0,8.105,13.6003607
ORDI10683,2018-10-03,17:07:36,Dinner,NS,"[('Pasta', 9), ('Salmon', 6)]",493.5,-37.8089395,144.95766819999997,0,7.865,13.808856500000001
ORDC07380,2018-05-06,12:03:22,Lunch,NS,"[('Chicken', 6), ('Fries', 9), ('Steak', 5)]",525.0,-37.8085607,144.9476394,0,8.849,16.1536361
ORDK03485,2018-02-04,09:00:50,Breakfast,BK,"[('Cereal', 1), ('Pancake', 3), ('Coffee', 3), ('Eggs', 2)]",160.25,-37.8186776,144.9428026,0,9.805,17.1837449
ORDY09664,2018-11-11,18:28:43,Dinner,TP,"[('Pasta', 1), ('Salmon', 4), ('Shrimp', 9)]",677.5,-37.8041811,144.954451,1,9.613,15.077720699999999
ORDA03330,2018-01-01,08:00:00,Breakfast,BK,"[('Eggs', 3), ('Cereal', 7), ('Pancake', 9), ('Coffee', 9)]",467.0,-37.8245657,144.9627724,1,8.495,6.0420157
ORDK11071,2018-08-25,15:46:28,Lunch,BK,"[('Salad', 8), ('Burger', 1)]",168.6,-37.80521829999999,144.9757292,0,6.617999999999999,15.338956699999999
ORDZ03897,2018-03-29,10:52:23,Breakfast,NS,"[('Pasta', 2), ('Eggs', 3)]",81.0,-37.81177879999999,144.9957427,0,9.258,14.593212300000003
ORDC05135,2018-11-18,18:38:52,Dinner,NS,"[('Salmon', 5), ('Fish&Chips', 10), ('Shrimp', 5)]",825.0,-37.815039899999995,144.9459788,0,9.127,17.143749600000003
ORDB08244,2018-05-19,12:33:48,Lunch,TP,"[('Chicken', 2), ('Burger', 5)]",219.0,-37.8057862,144.9492164,0,8.92,14.728887099999998
ORDX02575,2018-09-17,16:37:10,Dinner,BK,"[('Salmon', 2), ('Pasta', 7), ('Fish&Chips', 2)]",344.5,-37.8250284,144.94528449999999,1,9.657,16.5879671
ORDC03055,2018-08-25,15:46:28,Lunch,NS,"[('Salad', 2), ('Chicken', 10), ('Fries', 6), ('Steak', 9), ('Burger', 8)]",1079.4,-37.80521829999999,144.9757292,0,6.945,14.2710405
ORDB03830,2018-11-20,18:38:52,Dinner,TP,"[('Fish&Chips', 6), ('Shrimp', 9), ('Pasta', 5)]",833.5,-37.8009521,144.9700611,0,9.907,13.8458635
ORDY04801,2018-02-17,09:31:16,Breakfast,TP,"[('Pancake', 7), ('Coffee', 9), ('Eggs', 5), ('Cereal', 5)]",452.25,-37.8043289,144.9501428,0,10.031,13.852329699999999
ORDZ01660,2018-03-03,10:01:41,Breakfast,NS,"[('Coffee', 2), ('Eggs', 5), ('Cereal', 2), ('Pancake', 7)]",582.25,-37.824163,144.990076,0,9.732000000000001,16.592845999999998
ORDJ05012,2018-06-15,13:24:30,Lunch,TP,"[('Chicken', 9), ('Steak', 3), ('Burger', 10)]",733.0,-37.819407500000004,145.01463,0,11.939,14.870545199999999
ORDI08280,2018-06-10,13:14:21,Lunch,NS,"[('Chicken', 3), ('Fries', 10), ('Steak', 4), ('Burger', 7)]",613.0,-37.8150557,144.9451777,0,9.171,16.6425474
ORDA03948,2018-06-07,13:14:21,Lunch,BK,"[('Burger', 3), ('Salad', 2), ('Fries', 4), ('Steak', 2), ('Chicken', 8)]",521.4,-37.802320200000004,144.9789589,0,6.735,12.704804600000001
ORDK05465,2018-05-24,12:43:56,Lunch,BK,"[('Salad', 5), ('Fries', 2)]",110.0,-37.825349200000005,144.95335,0,9.076,15.548933400000001
ORDA04026,2018-07-04,14:05:04,Lunch,BK,"[('Chicken', 9), ('Fries', 8), ('Burger', 1), ('Salad', 7)]",535.4,-37.8237402,144.9353131,0,10.640999999999998,16.860228399999997
ORDZ06390,2018-01-03,08:00:00,Breakfast,NS,"[('Cereal', 10), ('Coffee', 2), ('Eggs', 10)]",445.0,-37.813483500000004,144.94113080000002,1,9.502,7.3847122
ORDX06970,2018-02-28,09:51:32,Breakfast,BK,"[('Coffee', 5), ('Cereal', 2)]",79.5,-37.8204506,144.998821,0,5.107,9.901192
ORDK01777,2018-05-08,12:13:31,Lunch,BK,"[('Chicken', 8), ('Steak', 1), ('Salad', 2), ('Fries', 1), ('Burger', 8)]",595.4,-37.819966,144.96544509999998,0,8.13,14.189349800000002
ORDX09178,2018-04-18,11:32:57,Breakfast,BK,"[('Pancake', 7), ('Eggs', 9)]",367.75,-37.818661299999995,144.9678091,0,7.528,12.1456281
ORDZ03873,2018-08-05,15:05:54,Lunch,NS,"[('Chicken', 7), ('Burger', 6), ('Shrimp', 6), ('Salad', 9), ('Fries', 6)]",906.8,-37.8132846,144.9514825,0,8.584,15.978377199999999
ORDI08403,2018-09-20,16:37:10,Dinner,NS,"[('Pasta', 7), ('Shrimp', 5)]",462.5,-37.8143577,144.9548499,0,8.513,14.757625299999999
ORDA00454,2018-11-06,18:08:27,Dinner,BK,"[('Fish&Chips', 9), ('Pasta', 1)]",342.5,-37.8151371,144.9637175,0,7.751,14.4472424
ORDZ05417,2018-02-18,09:31:16,Breakfast,NS,"[('Coffee', 4), ('Cereal', 7), ('Pancake', 4)]",274.0,-37.808267799999996,144.9438179,0,9.242,16.4596105
ORDA06686,2018-09-03,16:06:45,Dinner,BK,"[('Fish&Chips', 6), ('Pasta', 3)]",292.5,-37.801230100000005,145.009227,0,4.6610000000000005,11.3360105
ORDA00052,2018-11-30,18:59:09,Dinner,BK,"[('Shrimp', 6), ('Pasta', 9), ('Salmon', 10), ('Fish&Chips', 1)]",1016.5,-37.8096433,144.9725187,0,7.857,13.2611635
ORDJ09295,2018-08-18,15:36:20,Lunch,TP,"[('Chicken', 8), ('Salad', 10), ('Fries', 9), ('Steak', 10), ('Pancake', 5)]",1141.0,-37.8142704,145.01112719999998,0,12.297,16.499087300000003
ORDI06154,2018-01-21,08:40:33,Breakfast,NS,"[('Eggs', 10), ('Pancake', 9), ('Cereal', 4), ('Coffee', 8)]",582.25,-37.8057792,144.9638483,0,7.162000000000001,14.198402
ORDI06040,2018-05-27,12:43:56,Lunch,NS,"[('Burger', 7), ('Chicken', 1), ('Salad', 1), ('Steak', 4)]",584.75,-37.814096299999996,144.9935237,0,9.289,16.8905547
ORDK10640,2018-05-18,12:33:48,Lunch,BK,"[('Salad', 8), ('Burger', 8), ('Chicken', 5), ('Fries', 2)]",569.6,-37.801183200000004,144.9569261,0,8.271,14.277045699999999
ORDY08077,2018-10-27,17:58:18,Dinner,TP,"[('Shrimp', 1), ('Pasta', 9), ('Cereal', 1), ('Salmon', 6)]",582.5,-37.817312799999996,144.9641189,0,7.688,13.7002266
ORDJ01525,2018-09-30,16:57:27,Dinner,TP,"[('Shrimp', 5), ('Pasta', 9), ('Salmon', 9)]",886.5,-37.8215414,144.9456439,0,9.1,14.1911956
ORDB00679,2018-10-07,17:17:44,Dinner,TP,"[('Salmon', 7), ('Pasta', 4)]",588.0,-37.8087831,144.9612867,0,8.765,14.765058300000002
ORDX04278,2018-06-11,13:14:21,Lunch,BK,"[('Chicken', 5), ('Steak', 3), ('Burger', 9)]",574.0,-37.8245451,144.9469959,0,5.228,15.309288500000001
ORDB05900,2018-01-30,08:50:42,Breakfast,TP,"[('Cereal', 4), ('Eggs', 1)]",106.0,-37.8055801,144.99796809999998,0,11.300999999999998,13.893506200000001
ORDB05450,2018-07-28,14:55:46,Lunch,TP,"[('Salad', 7), ('Burger', 6)]",306.4,-37.8048891,144.98800409999998,0,9.657,15.6950926
ORDB03665,2018-05-24,12:43:56,Lunch,TP,"[('Steak', 5), ('Chicken', 4)]",353.0,-37.822382399999995,144.97984169999998,0,8.497,12.105639100000001
ORDC07229,2018-05-22,12:33:48,Lunch,NS,"[('Fries', 8), ('Salad', 4), ('Steak', 9), ('Burger', 9)]",848.8,-37.805102500000004,144.94922219999998,0,8.492,14.587416399999999
ORDC00601,2018-09-09,16:16:54,Dinner,NS,"[('Salmon', 7), ('Fish&Chips', 2)]",357.0,-37.818112400000004,145.0038553,0,10.468,18.055339399999998
ORDX03906,2018-12-14,19:29:34,Dinner,BK,"[('Pasta', 9), ('Salmon', 7)]",534.5,-37.8185297,144.94844840000002,0,9.221,15.584868900000002
ORDI02186,2018-02-17,09:31:16,Breakfast,NS,"[('Eggs', 4), ('Coffee', 6), ('Cereal', 2)]",175.0,-37.825737200000006,144.98201830000002,1,9.377,16.1503986
ORDY02448,2018-04-05,11:02:32,Breakfast,TP,"[('Coffee', 1), ('Pancake', 8), ('Cereal', 4)]",285.5,-37.8019718,144.99397040000002,0,11.272,13.4915114
ORDJ07997,2018-02-18,09:31:16,Breakfast,TP,"[('Pancake', 9), ('Cereal', 6), ('Coffee', 2), ('Eggs', 10)]",579.25,-37.8074441,144.9578204,1,9.123,13.141829800000002
ORDX10725,2018-02-04,09:00:50,Breakfast,BK,"[('Pancake', 10), ('Cereal', 9), ('Eggs', 1), ('Coffee', 4)]",178.0,-37.8225799,144.96103109999999,0,8.347999999999999,15.8942631
ORDA05626,2018-09-04,16:06:45,Dinner,BK,"[('Shrimp', 9), ('Fish&Chips', 8)]",766.0,-37.824122700000004,144.9588148,1,8.642999999999999,15.183291699999998
ORDA02892,2018-01-22,08:40:33,Breakfast,BK,"[('Cereal', 5), ('Coffee', 8), ('Eggs', 7)]",319.0,-37.800303799999995,144.9718336,0,7.345,11.9230334
ORDI03093,2018-01-03,08:00:00,Breakfast,NS,"[('Coffee', 7), ('Eggs', 1), ('Cereal', 9), ('Pancake', 2)]",312.0,-37.800937100000006,145.0154534,1,10.777999999999999,7.4048623
ORDZ10875,2018-12-07,19:19:26,Dinner,NS,"[('Salmon', 5), ('Pasta', 2), ('Fish&Chips', 6), ('Shrimp', 1)]",524.0,-37.8016819,144.98138640000002,0,7.132999999999999,13.1449878
ORDI06317,2018-07-06,14:05:04,Lunch,NS,"[('Salad', 7), ('Burger', 7), ('Chicken', 9), ('Steak', 1)]",670.4,-37.8133378,144.9386836,0,10.238,15.907377800000003
ORDI04144,2018-10-28,17:58:18,Dinner,NS,"[('Pasta', 9), ('Salmon', 9), ('Shrimp', 3)]",778.5,-37.8091669,144.94852680000002,0,8.822000000000001,16.7440103
ORDB09654,2018-08-01,14:55:46,Lunch,TP,"[('Fries', 8), ('Burger', 4), ('Chicken', 5)]",380.0,-37.802364700000005,144.9718769,0,9.879,13.385223499999999
ORDZ09984,2018-09-27,16:57:27,Dinner,NS,"[('Pasta', 10), ('Salmon', 8), ('Shrimp', 8)]",1035.0,-37.7989484,144.9538956,0,7.635,14.157814199999999
ORDJ07241,2018-01-01,08:00:00,Breakfast,TP,"[('Eggs', 9), ('Pancake', 4)]",295.0,-37.8203223,144.96753080000002,1,7.507999999999999,5.6354125999999995
ORDA10638,2018-11-08,18:18:35,Dinner,BK,"[('Salmon', 5), ('Fish&Chips', 9), ('Pasta', 3), ('Shrimp', 3)]",764.5,-37.811549299999996,144.98329119999997,0,5.776,12.9731442
ORDZ02722,2018-12-18,19:39:43,Dinner,NS,"[('Pasta', 9), ('Shrimp', 3), ('Fish&Chips', 5)]",584.5,-37.8007702,144.95991750000002,0,7.0920000000000005,13.099001199999998
ORDA09533,2018-12-16,19:29:34,Dinner,NS,"[('Fish&Chips', 6), ('Shrimp', 2)]",318.0,-37.8184922,144.948613,0,9.209,18.9323262
ORDB08467,2018-10-05,17:07:36,Dinner,TP,"[('Pasta', 2), ('Shrimp', 10), ('Fish&Chips', 5), ('Salmon', 9)]",1139.0,-37.8110427,144.9589884,0,8.67,13.1744987
ORDA07851,2018-11-12,18:28:43,Dinner,BK,"[('Fish&Chips', 1), ('Pasta', 8)]",255.0,-37.8176396,144.9592331,0,8.216000000000001,15.273881099999999
ORDY01605,2018-12-03,19:09:17,Dinner,TP,"[('Shrimp', 5), ('Fish&Chips', 7), ('Pasta', 7), ('Salmon', 1)]",748.5,-37.8161066,144.9640479,0,7.794,11.8473272
ORDZ05903,2018-10-09,17:17:44,Dinner,NS,"[('Pasta', 10), ('Fish&Chips', 6), ('Salmon', 8), ('Shrimp', 5)]",1083.0,-37.812445200000006,144.95179950000002,0,8.651,14.5880753
ORDX08701,2018-02-20,09:41:24,Breakfast,BK,"[('Cereal', 3), ('Coffee', 8), ('Pancake', 5)]",244.25,-37.8233887,144.967428,0,8.131,12.937344699999999
ORDI02382,2018-10-24,17:48:10,Dinner,NS,"[('Fish&Chips', 3), ('Salmon', 8), ('Pasta', 5)]",570.5,-37.8204759,144.96644519999998,0,8.844,15.1256563
ORDC00079,2018-09-02,16:06:45,Dinner,NS,"[('Fish&Chips', 5), ('Pasta', 7), ('Shrimp', 2)]",961.0,-37.8145652,144.96167250000002,0,8.211,16.7987785
ORDC03071,2018-03-19,10:32:06,Breakfast,NS,"[('Pancake', 7), ('Eggs', 8), ('Cereal', 3)]",408.75,-37.8176167,144.9708124,1,8.745,13.7932247
ORDJ02309,2018-12-24,19:49:51,Dinner,TP,"[('Shrimp', 7), ('Salmon', 2)]",460.0,-37.8158956,144.95328730000003,1,13.675,16.5067856
ORDY02154,2018-05-02,11:53:14,Breakfast,TP,"[('Steak', 2), ('Pancake', 7)]",213.75,-37.8056896,144.9460642,0,9.97,12.619919699999999
ORDJ06087,2018-02-07,09:10:59,Breakfast,TP,"[('Eggs', 10), ('Coffee', 6)]",265.0,-37.8230778,144.9378628,0,9.743,12.1353166
ORDZ02709,2018-01-19,08:30:25,Breakfast,NS,"[('Eggs', 4), ('Cereal', 7)]",235.0,-37.8117394,144.9361524,0,10.475,15.429019
ORDX09721,2018-10-29,17:58:18,Dinner,BK,"[('Shrimp', 5), ('Salmon', 8), ('Pasta', 10)]",873.0,-37.8142199,145.00616719999996,0,3.8739999999999997,10.325315199999999
ORDJ08260,2018-08-15,15:26:11,Lunch,TP,"[('Burger', 3), ('Steak', 9), ('Coffee', 2)]",532.4,-37.8216561,145.0025611,0,10.811,14.115951800000001
ORDI02776,2018-12-16,19:29:34,Dinner,NS,"[('Pasta', 10), ('Salmon', 2), ('Shrimp', 9)]",843.0,-37.8245704,144.9458233,0,10.367,18.2796982
ORDX02393,2018-07-11,14:15:12,Lunch,BK,"[('Steak', 6), ('Chicken', 7), ('Fries', 1), ('Burger', 10), ('Salad', 5)]",902.0,-37.81866470000001,145.0003489,0,4.848,10.8217602
ORDB04859,2018-06-26,13:44:47,Lunch,TP,"[('Burger', 3), ('Pasta', 2)]",127.4,-37.825835600000005,144.9844247,0,8.92,11.961211
ORDA05222,2018-02-22,09:41:24,Breakfast,BK,"[('Cereal', 6), ('Coffee', 3), ('Eggs', 6), ('Pancake', 4)]",377.5,-37.8299314,144.9712256,0,8.713,13.955243099999999
ORDK10626,2018-12-31,20:00:00,Dinner,BK,"[('Fish&Chips', 1), ('Shrimp', 8)]",467.0,-37.820274,144.9495398,0,9.13,15.8282087
ORDK10491,2018-01-31,08:50:42,Breakfast,BK,"[('Coffee', 9), ('Pancake', 9)]",285.75,-37.8235406,144.9572523,0,9.158999999999999,14.2614275
ORDC06164,2018-06-11,13:14:21,Lunch,NS,"[('Burger', 9), ('Chicken', 7), ('Steak', 1)]",548.0,-37.8104827,145.0089843,0,10.328,15.7700525
ORDB01426,2018-10-20,17:38:01,Dinner,TP,"[('Pasta', 4), ('Salmon', 3)]",233.0,-37.8195701,144.95801569999998,0,7.942,13.7111232
ORDJ05773,2018-07-14,14:25:21,Lunch,TP,"[('Chicken', 6), ('Steak', 6), ('Burger', 7), ('Salad', 7), ('Fries', 5)]",859.4,-37.8188131,145.0017824,0,10.745999999999999,15.048393599999999
ORDA01532,2018-09-22,16:47:19,Dinner,BK,"[('Fish&Chips', 3), ('Shrimp', 7), ('Salmon', 5)]",688.0,-37.8040715,144.9865219,0,5.83,15.3230019
ORDA08990,2018-06-09,13:14:21,Lunch,BK,"[('Steak', 9), ('Fries', 4)]",453.0,-37.822160600000004,144.9607811,0,9.352,17.6750193
ORDI03264,2018-09-08,16:16:54,Dinner,NS,"[('Shrimp', 3), ('Pasta', 5), ('Salmon', 7)]",586.5,-37.8210001,144.9767196,0,8.841000000000001,17.123223499999998
ORDB04415,2018-05-10,12:13:31,Lunch,TP,"[('Chicken', 6), ('Salad', 3), ('Fries', 4), ('Steak', 6), ('Burger', 10)]",871.6,-37.803106899999996,144.95105159999997,0,9.904,13.0339371
ORDI06340,2018-10-14,17:27:53,Dinner,NS,"[('Fish&Chips', 7), ('Shrimp', 6), ('Pasta', 8), ('Salmon', 4)]",953.0,-37.823516,144.96805690000002,0,9.072000000000001,16.996491100000004
ORDX05924,2018-12-09,19:19:26,Dinner,BK,"[('Shrimp', 8), ('Salmon', 4), ('Pasta', 3), ('Fish&Chips', 3)]",783.5,-37.811736700000004,144.93832030000002,0,9.875,19.2025273
ORDB05815,2018-11-21,18:49:00,Dinner,TP,"[('Shrimp', 9), ('Salmon', 9), ('Fish&Chips', 8)]",1135.0,-37.8007346,145.0020597,0,7.122000000000001,15.395209900000001
ORDA01878,2018-10-22,17:48:10,Dinner,BK,"[('Salmon', 5), ('Pasta', 1), ('Fish&Chips', 2), ('Shrimp', 7)]",680.5,-37.820321500000006,144.9640179,1,7.997000000000001,15.247247199999999
ORDC01163,2018-11-10,18:18:35,Dinner,NS,"[('Shrimp', 2), ('Pasta', 3), ('Fish&Chips', 6)]",400.5,-37.8162805,144.9669955,1,8.18,15.935665400000001
ORDX03211,2018-08-14,15:26:11,Lunch,BK,"[('Steak', 6), ('Salad', 2), ('Chicken', 9), ('Fries', 8), ('Burger', 6)]",874.4,-37.823387700000005,145.00029609999999,0,5.291,11.4746675
ORDA06931,2018-05-13,12:23:39,Lunch,BK,"[('Fries', 2), ('Burger', 9), ('Steak', 5), ('Chicken', 7), ('Salad', 1)]",769.2,-37.808355,144.9599144,0,7.747000000000001,15.9576553
ORDA04681,2018-08-15,15:26:11,Lunch,BK,"[('Salad', 8), ('Chicken', 8), ('Steak', 6)]",663.6,-37.8078958,144.9768239,0,6.24,12.494402000000001
ORDK06217,2018-10-29,17:58:18,Dinner,BK,"[('Fish&Chips', 7), ('Salmon', 3)]",368.0,-37.8215904,144.99403030000002,0,5.626,12.368329800000001
ORDJ07297,2018-04-20,11:32:57,Breakfast,BK,"[('Cereal', 10), ('Coffee', 8)]",270.0,-37.8071876,144.9590913,0,8.986,11.474543400000002
ORDI08205,2018-09-08,16:16:54,Dinner,NS,"[('Pasta', 8), ('Shrimp', 5), ('Salmon', 2)]",572.0,-37.8027457,144.9942956,1,8.369,16.065495900000002
ORDC03709,2018-09-14,16:27:02,Dinner,NS,"[('Salad', 9), ('Pasta', 3), ('Shrimp', 4)]",613.5,-37.7996025,144.99537890000002,0,8.597000000000001,15.0624112
ORDK03626,2018-01-24,08:40:33,Breakfast,BK,"[('Eggs', 3), ('Coffee', 1), ('Pancake', 1), ('Cereal', 6)]",223.75,-37.8127229,144.96264130000003,1,7.69,12.9564506
ORDX09162,2018-01-29,08:50:42,Breakfast,BK,"[('Eggs', 2), ('Cereal', 1), ('Pancake', 6), ('Coffee', 6)]",255.5,-37.8251392,144.9364483,0,10.637,15.8687372
ORDK01421,2018-03-23,10:42:15,Breakfast,BK,"[('Pancake', 2), ('Cereal', 8), ('Coffee', 2), ('Eggs', 9)]",429.5,-37.8126475,144.9831156,0,5.901,10.671202300000001
ORDK06461,2018-03-26,10:42:15,Breakfast,BK,"[('Cereal', 8), ('Coffee', 10), ('Eggs', 8), ('Pancake', 4)]",516.0,-37.815726500000004,144.9510606,0,10.042,15.1345302
ORDC00958,2018-11-26,18:49:00,Dinner,NS,"[('Shrimp', 6), ('Salmon', 3), ('Pasta', 10), ('Chicken', 6)]",932.0,-37.800340000000006,145.00410480000002,0,9.455,14.984601000000001
ORDY00930,2018-09-28,16:57:27,Dinner,TP,"[('Salmon', 1), ('Pasta', 3)]",123.5,-37.7997669,144.9450312,0,8.097999999999999,14.7172809
ORDI02750,2018-04-08,11:12:40,Breakfast,NS,"[('Pancake', 1), ('Coffee', 8), ('Eggs', 3)]",150.25,-37.7997592,144.95761090000002,1,7.263,14.4094351
ORDX04668,2018-02-11,09:21:07,Breakfast,BK,"[('Coffee', 8), ('Eggs', 6)]",192.0,-37.813813399999994,144.96873349999998,0,7.279,14.4316401
ORDI01139,2018-07-18,14:35:29,Lunch,NS,"[('Coffee', 3), ('Steak', 3), ('Burger', 2)]",293.0,-37.8116006,144.9274278,0,10.229,15.7962475
ORDZ05274,2018-05-26,12:43:56,Lunch,NS,"[('Chicken', 7), ('Salad', 7), ('Fries', 2)]",368.4,-37.825185299999994,144.95125249999998,0,10.133,17.777284899999998
ORDI06776,2018-06-07,13:14:21,Lunch,NS,"[('Salad', 6), ('Fries', 3), ('Steak', 8), ('Burger', 7)]",716.2,-37.8155841,144.94527659999997,0,9.222999999999999,14.8437223
ORDI09350,2018-02-19,09:31:16,Breakfast,NS,"[('Eggs', 7), ('Cereal', 2), ('Coffee', 8), ('Pancake', 7)]",425.75,-37.826167100000006,144.9851251,0,9.642999999999999,14.5180913
ORDI03149,2018-01-30,08:50:42,Breakfast,NS,"[('Pancake', 9), ('Coffee', 8), ('Cereal', 5), ('Eggs', 6)]",515.25,-37.7996411,144.9910159,0,8.157,12.8797319
ORDC04340,2018-12-06,19:09:17,Dinner,NS,"[('Salmon', 8), ('Shrimp', 8), ('Fish&Chips', 5), ('Pasta', 2)]",990.0,-37.81567379999999,144.9663184,0,8.119,14.6053543
ORDX09994,2018-01-22,08:40:33,Breakfast,BK,"[('Eggs', 2), ('Cereal', 7), ('Coffee', 8), ('Pancake', 5)]",372.25,-37.8022115,144.9767201,0,6.905,11.698051300000001
ORDA04294,2018-02-28,09:51:32,Breakfast,BK,"[('Cereal', 2), ('Eggs', 1), ('Coffee', 6), ('Pancake', 2)]",157.5,-37.8145067,144.99993519999998,0,4.486000000000001,9.7207022
ORDC01961,2018-01-28,08:50:42,Breakfast,NS,"[('Coffee', 9), ('Eggs', 5), ('Cereal', 10), ('Pancake', 4)]",484.5,-37.8152858,144.9673642,0,8.025,15.453817
ORDX08577,2018-12-28,20:00:00,Dinner,BK,"[('Shrimp', 6), ('Fish&Chips', 7), ('Salmon', 1)]",610.0,-37.812715000000004,144.9681564,0,7.252999999999999,13.8768782
ORDB05568,2018-07-23,14:45:38,Lunch,TP,"[('Burger', 9), ('Chicken', 7), ('Steak', 9)]",908.0,-37.8089004,144.9641542,0,8.765,11.9896011
ORDB05076,2018-12-04,19:09:17,Dinner,TP,"[('Fish&Chips', 2), ('Pasta', 6), ('Shrimp', 3), ('Salmon', 10)]",807.0,-37.8105716,145.0008345,0,11.112,15.2607512
ORDY08865,2018-06-29,13:54:55,Lunch,TP,"[('Fries', 1), ('Salad', 10), ('Chicken', 6)]",376.0,-37.8045689,144.9312528,0,11.422,14.1614951
ORDZ06711,2018-04-24,11:43:05,Breakfast,NS,"[('Eggs', 7), ('Cereal', 3), ('Pancake', 3), ('Coffee', 2)]",304.75,-37.8191633,144.952788,0,9.307,14.076888199999999
ORDZ00456,2018-07-23,14:45:38,Lunch,NS,"[('Chicken', 6), ('Steak', 6), ('Burger', 7), ('Fries', 2), ('Salad', 5)]",789.0,-37.8049748,144.9493303,0,8.472999999999999,13.916870999999999
ORDY02255,2018-10-22,17:48:10,Dinner,TP,"[('Shrimp', 1), ('Salmon', 8), ('Pasta', 6), ('Fish&Chips', 1)]",582.0,-37.8035716,145.0113,1,12.64,15.8134091
ORDC08134,2018-11-10,18:18:35,Dinner,NS,"[('Salmon', 7), ('Fish&Chips', 4), ('Shrimp', 3), ('Pasta', 3)]",671.5,-37.816590000000005,144.97150109999998,0,8.443999999999999,16.7105885
ORDY06783,2018-10-12,17:27:53,Dinner,TP,"[('Fish&Chips', 7), ('Salmon', 1)]",286.0,-37.811164899999994,144.9899736,0,10.023,14.695891199999998
ORDI05769,2018-08-12,15:26:11,Lunch,NS,"[('Burger', 10), ('Steak', 4), ('Chicken', 5), ('Salad', 6)]",753.2,-37.8135759,144.96423080000002,0,7.928,15.349489199999999
ORDX05530,2018-08-26,15:46:28,Lunch,BK,"[('Burger', 9), ('Fries', 6)]",351.0,-37.8111233,144.96912890000002,0,7.095,15.7206355
ORDK01284,2018-10-25,17:48:10,Dinner,BK,"[('Salmon', 2), ('Fish&Chips', 8), ('Pasta', 8)]",582.0,-37.8071613,144.9594343,0,7.77,14.8615979
ORDZ03579,2018-07-17,14:25:21,Lunch,NS,"[('Fries', 6), ('Burger', 8), ('Chicken', 2), ('Salad', 6), ('Steak', 5)]",712.2,-37.819250700000005,144.9434517,0,10.17,15.7477918
ORDJ07471,2018-03-21,10:32:06,Breakfast,TP,"[('Cereal', 2), ('Coffee', 8), ('Eggs', 1)]",124.0,-37.812906,144.9598981,0,8.457,10.690508099999999
ORDJ03988,2018-06-25,13:44:47,Lunch,TP,"[('Steak', 1), ('Fries', 4), ('Salad', 2), ('Burger', 4), ('Chicken', 1)]",283.4,-37.824687299999994,144.9828852,0,8.924,12.6062528
ORDX05960,2018-03-29,10:52:23,Breakfast,BK,"[('Cereal', 7), ('Eggs', 2), ('Salad', 9), ('Pancake', 6)]",404.0,-37.799686799999996,144.9575799,0,8.392000000000001,13.368678400000002
ORDC00960,2018-07-13,14:25:21,Lunch,NS,"[('Steak', 8), ('Chicken', 10)]",680.0,-37.800543100000006,144.95877030000003,0,7.193,12.388214900000001
ORDA00978,2018-05-15,12:23:39,Lunch,BK,"[('Burger', 4), ('Salad', 1)]",871.6,-37.814633799999996,144.96948899999998,0,7.242000000000001,13.0893965
ORDB09408,2018-03-20,10:32:06,Breakfast,TP,"[('Cereal', 2), ('Coffee', 5), ('Eggs', 7), ('Pancake', 9)]",451.75,-37.8099973,144.9582524,0,8.825,11.7787734
ORDZ10926,2018-05-15,12:23:39,Lunch,NS,"[('Fries', 2), ('Salad', 5), ('Steak', 8), ('Chicken', 5)]",630.0,-37.8145119,144.9697962,0,7.808,13.247480800000002
ORDX00685,2018-06-03,13:04:13,Lunch,BK,"[('Salad', 5), ('Fries', 6), ('Burger', 10), ('Steak', 10), ('Chicken', 4)]",1046.0,-37.799510600000005,144.9687729,0,7.718999999999999,16.0459952
ORDY02081,2018-03-23,10:42:15,Breakfast,TP,"[('Coffee', 9), ('Cereal', 3), ('Pancake', 8), ('Eggs', 4)]",525.0,-37.8148825,144.92711540000002,0,11.876,14.1765483
ORDB00512,2018-02-26,09:51:32,Breakfast,TP,"[('Eggs', 6), ('Coffee', 7), ('Pancake', 6)]",330.0,-37.813309000000004,144.9514018,0,9.064,11.8134316
ORDA10434,2018-06-08,13:14:21,Lunch,BK,"[('Burger', 7), ('Salad', 2), ('Chicken', 9), ('Fries', 2)]",563.4,-37.8200711,144.9844351,0,7.699,12.2978544
ORDX09349,2018-10-20,17:38:01,Dinner,BK,"[('Fish&Chips', 6), ('Pasta', 7)]",762.0,-37.819508,144.958246,0,8.369,18.031311399999996
ORDI08837,2018-06-25,13:44:47,Lunch,NS,"[('Steak', 10), ('Chicken', 5), ('Salad', 5), ('Fries', 7)]",780.0,-37.8242,144.9832969,0,9.418,15.324500099999998
ORDY08070,2018-01-16,08:30:25,Breakfast,TP,"[('Cereal', 1), ('Pancake', 3)]",93.75,-37.809361100000004,144.9645195,1,8.718,5.5575505
ORDC03057,2018-11-23,18:49:00,Dinner,NS,"[('Fish&Chips', 9), ('Shrimp', 9), ('Pasta', 1), ('Salmon', 6)]",1074.5,-37.8040232,144.9586426,0,7.504,13.964510800000001
ORDC05354,2018-06-19,13:34:38,Lunch,NS,"[('Salad', 9), ('Burger', 6), ('Steak', 4), ('Chicken', 4), ('Fries', 8)]",744.8,-37.80468870000001,144.9728869,0,6.818,12.4717759
ORDZ05050,2018-04-13,11:22:49,Breakfast,NS,"[('Cereal', 6), ('Eggs', 3), ('Pancake', 10)]",434.5,-37.81497529999999,144.95061940000002,0,10.345,15.205836699999999
ORDZ01394,2018-05-07,12:03:22,Lunch,NS,"[('Salad', 9), ('Steak', 9)]",559.8,-37.8008187,144.948584,0,8.158,13.763465400000001
ORDB04398,2018-02-05,09:10:59,Breakfast,TP,"[('Eggs', 9), ('Pancake', 9), ('Cereal', 1), ('Coffee', 4)]",467.25,-37.8245484,144.9885013,0,9.189,12.0119211
ORDX09968,2018-12-11,19:29:34,Dinner,BK,"[('Pasta', 4), ('Salmon', 7), ('Shrimp', 10)]",937.0,-37.8200366,144.9505454,0,9.037,16.0738211
ORDB09096,2018-04-15,11:22:49,Breakfast,TP,"[('Cereal', 6), ('Pancake', 8), ('Eggs', 3)]",256.5,-37.813578799999995,145.0107023,0,12.219000000000001,15.8660809
ORDB01702,2018-11-26,18:59:09,Dinner,TP,"[('Fish&Chips', 1), ('Salmon', 4), ('Pasta', 8)]",419.0,-37.8259453,144.9621415,0,8.024,12.294408599999999
ORDI01565,2018-07-18,14:35:29,Lunch,NS,"[('Steak', 10), ('Salad', 3)]",501.6,-37.812178100000004,144.94445380000002,0,10.475,14.7050111
ORDB07589,2018-02-12,09:21:07,Breakfast,TP,"[('Coffee', 3), ('Cereal', 3), ('Eggs', 10), ('Pancake', 1)]",329.75,-37.811054,144.97024950000002,0,8.794,11.7073579
ORDB00133,2018-12-30,20:00:00,Dinner,TP,"[('Shrimp', 4), ('Pasta', 2), ('Salmon', 10)]",681.0,-37.816266399999996,144.938526,0,10.34,15.571215900000002
ORDK09004,2018-06-08,13:14:21,Lunch,BK,"[('Steak', 4), ('Burger', 10), ('Chicken', 6)]",682.0,-37.8035393,144.96597680000002,0,7.492999999999999,13.565115400000002
ORDB11009,2018-06-05,13:04:13,Lunch,TP,"[('Fries', 3), ('Burger', 5), ('Steak', 1), ('Chicken', 2)]",300.0,-37.79962379999999,144.9450559,0,10.65,14.0088641
ORDI10789,2018-05-09,12:13:31,Lunch,NS,"[('Salad', 2), ('Burger', 6), ('Chicken', 6)]",412.4,-37.8165714,144.9866961,0,8.918,14.9175651
ORDX03889,2018-01-12,08:20:16,Breakfast,BK,"[('Coffee', 9), ('Pancake', 2), ('Eggs', 5), ('Cereal', 4)]",310.0,-37.798970600000004,144.9707095,1,7.689,6.6865034
ORDK00669,2018-11-06,18:18:35,Dinner,BK,"[('Fish&Chips', 6), ('Pasta', 2)]",265.0,-37.8142098,144.9629982,0,7.744,14.3703497
ORDI07975,2018-09-22,16:47:19,Dinner,NS,"[('Chicken', 1), ('Shrimp', 2), ('Fish&Chips', 5)]",310.5,-37.800085100000004,144.97182469999998,0,6.295,13.962988399999999
ORDK09129,2018-10-25,17:48:10,Dinner,BK,"[('Shrimp', 5), ('Fish&Chips', 1)]",305.0,-37.8065465,144.9595075,0,7.761,14.5436309
ORDK06154,2018-06-27,13:54:55,Lunch,BK,"[('Salad', 2), ('Steak', 9), ('Burger', 1), ('Fries', 10), ('Chicken', 9)]",878.4,-37.8247407,144.98491409999997,0,6.837999999999999,12.9142274
ORDJ07177,2018-08-02,15:05:54,Lunch,TP,"[('Burger', 5), ('Salad', 1), ('Fries', 5), ('Steak', 5), ('Chicken', 5)]",617.2,-37.8113862,144.969102,0,8.687000000000001,12.1162862
ORDY08202,2018-03-02,09:51:32,Breakfast,TP,"[('Cereal', 6), ('Pancake', 6)]",271.5,-37.805408299999996,144.9346526,0,10.811,13.2554419
ORDZ09495,2018-09-02,16:06:45,Dinner,NS,"[('Pasta', 3), ('Shrimp', 4), ('Salmon', 7)]",79.5,-37.8134476,144.9656069,0,7.837999999999999,15.872608499999998
ORDJ05997,2018-10-16,17:27:53,Dinner,TP,"[('Fish&Chips', 2), ('Salmon', 2), ('Pasta', 1)]",179.5,-37.817931200000004,144.9934494,0,10.0,14.192241500000002
ORDK00621,2018-03-29,10:52:23,Breakfast,BK,"[('Eggs', 8), ('Cereal', 10)]",386.0,-37.8161385,144.97247030000003,1,6.9639999999999995,11.9866523
ORDI03486,2018-02-06,09:10:59,Breakfast,NS,"[('Eggs', 8), ('Coffee', 5), ('Cereal', 6), ('Pancake', 1)]",363.75,-37.8245676,144.9890104,0,11.422,14.4176913
ORDB02147,2018-06-23,13:44:47,Lunch,TP,"[('Steak', 8), ('Salad', 1), ('Burger', 4)]",501.2,-37.8075137,144.9879565,0,10.17,15.101040300000003
ORDZ09104,2018-05-16,12:23:39,Lunch,NS,"[('Chicken', 10), ('Burger', 10), ('Steak', 2), ('Salad', 2)]",754.4,-37.811510299999995,144.9646963,0,7.609,13.426871300000002
ORDI00299,2018-11-09,18:18:35,Dinner,BK,"[('Pasta', 10), ('Salmon', 2), ('Fish&Chips', 7)]",602.0,-37.815217700000005,144.9619514,0,8.326,14.729149599999998
ORDB01072,2018-12-22,19:49:51,Dinner,TP,"[('Salmon', 10), ('Pasta', 9), ('Shrimp', 4)]",873.5,-37.818014399999996,144.9470579,0,9.27,14.817884900000001
ORDZ02194,2018-08-20,15:36:20,Lunch,NS,"[('Steak', 9), ('Chicken', 3), ('Salad', 3), ('Fries', 2), ('Burger', 3)]",669.6,-37.8099268,144.944849,0,9.123,14.4017892
ORDJ02140,2018-04-25,11:43:05,Breakfast,TP,"[('Coffee', 7), ('Pancake', 4), ('Eggs', 7)]",303.5,-37.8261584,145.00246869999998,0,10.433,12.673438
ORDB01530,2018-06-18,13:34:38,Lunch,TP,"[('Steak', 5), ('Salad', 6)]",328.2,-37.8188311,144.9755155,0,8.369,11.5288644
ORDI06950,2018-09-30,16:57:27,Dinner,NS,"[('Pasta', 10), ('Shrimp', 1)]",329.0,-37.7996998,144.97715159999998,0,6.824,14.591443599999998
ORDI00560,2018-06-11,13:14:21,Lunch,NS,"[('Burger', 8), ('Salad', 3), ('Steak', 6)]",569.6,-37.824154799999995,144.94391230000002,0,10.548,16.2481481
ORDK01159,2018-02-05,09:10:59,Breakfast,BK,"[('Steak', 4), ('Pancake', 5), ('Eggs', 8)]",381.25,-37.821056,144.9550741,0,8.587,13.6917049
ORDJ09635,2018-01-26,08:50:42,Breakfast,TP,"[('Shrimp', 9), ('Pancake', 10)]",431.5,-37.8106031,144.9360887,0,10.565,13.043619699999999
ORDC01570,2018-12-17,19:39:43,Dinner,NS,"[('Salmon', 10), ('Fish&Chips', 1), ('Shrimp', 2), ('Pasta', 9)]",800.5,-37.8061523,144.95149630000003,0,8.422,15.0887051
ORDI03340,2018-10-10,17:17:44,Dinner,NS,"[('Shrimp', 6), ('Fish&Chips', 4), ('Pasta', 5)]",601.5,-37.8098596,144.92893569999998,0,9.988,15.716042000000002
ORDC07756,2018-12-24,19:49:51,Dinner,NS,"[('Fish&Chips', 7), ('Salmon', 8)]",573.0,-37.821451700000004,144.93409619999997,0,10.697000000000001,16.621099599999997
ORDK08015,2018-06-25,13:44:47,Lunch,BK,"[('Chicken', 4), ('Burger', 8), ('Fries', 6)]",448.0,-37.824274100000004,144.9831252,0,7.013,13.2806783
ORDZ00990,2018-04-24,11:43:05,Breakfast,NS,"[('Eggs', 7), ('Pancake', 4), ('Coffee', 9), ('Cereal', 3)]",381.5,-37.811334499999994,144.958376,0,8.434,13.680277400000001
ORDI07850,2018-02-28,09:51:32,Breakfast,NS,"[('Coffee', 2), ('Eggs', 3)]",81.0,-37.819763099999996,144.9989418,0,10.177,15.2242478
ORDC05893,2018-08-10,15:16:03,Lunch,NS,"[('Chicken', 7), ('Burger', 2), ('Steak', 4), ('Fries', 5), ('Salad', 6)]",332.0,-37.7991145,144.9632575,0,6.925,12.5076819
ORDX03984,2018-01-03,08:00:00,Breakfast,BK,"[('Coffee', 5), ('Cereal', 2)]",79.5,-37.80334570000001,145.018623,1,6.035,5.2290934
ORDI05429,2018-12-04,19:09:17,Dinner,NS,"[('Fish&Chips', 9), ('Salmon', 10), ('Pasta', 4)]",835.0,-37.8033334,144.9760114,0,6.8389999999999995,12.6510385
ORDA06602,2018-07-27,14:45:38,Lunch,BK,"[('Burger', 9), ('Chicken', 9)]",567.0,-37.8110617,144.9888658,0,5.228,10.757352099999999
ORDK07456,2018-07-28,14:55:46,Lunch,BK,"[('Burger', 9), ('Fries', 1), ('Salad', 3), ('Steak', 8)]",702.6,-37.823704299999996,144.9825536,0,6.827000000000001,15.3374876
ORDI02035,2018-04-14,11:22:49,Breakfast,NS,"[('Cereal', 4), ('Coffee', 10), ('Pancake', 2)]",249.0,-37.818056299999995,144.9944585,0,9.628,16.4397923
ORDX07842,2018-07-24,14:45:38,Lunch,BK,"[('Eggs', 7), ('Chicken', 9), ('Steak', 1), ('Fries', 4), ('Salad', 9)]",752.8,-37.8212909,144.9681715,0,7.871,13.6448081
ORDC00682,2018-10-07,17:17:44,Dinner,NS,"[('Pasta', 4), ('Shrimp', 3), ('Salmon', 2)]",354.0,-37.8084768,144.9607091,0,7.796,15.6412207
ORDJ01734,2018-11-23,18:49:00,Dinner,TP,"[('Salmon', 1), ('Pasta', 4), ('Shrimp', 4)]",367.0,-37.814625799999995,144.9281072,1,12.005,15.491486199999999
ORDJ10390,2018-10-20,17:38:01,Dinner,TP,"[('Shrimp', 4), ('Salmon', 8), ('Pasta', 10)]",819.0,-37.8076995,144.973072,0,9.271,15.220329800000002
ORDI07250,2018-06-18,13:34:38,Lunch,NS,"[('Salad', 4), ('Fries', 4)]",116.8,-37.8104326,144.9242474,0,10.515,16.111021100000002
ORDX02828,2018-06-08,13:14:21,Lunch,BK,"[('Steak', 9), ('Salad', 5), ('Fries', 10), ('Burger', 6)]",797.0,-37.804086600000005,144.9508656,0,8.672,14.706783900000001
ORDA02902,2018-08-26,15:46:28,Lunch,BK,"[('Chicken', 1), ('Salad', 2), ('Burger', 7), ('Fries', 10), ('Steak', 8)]",763.4,-37.8120823,144.9383737,1,10.409,19.029433800000003
ORDB04585,2018-09-21,16:47:19,Dinner,TP,"[('Pasta', 1), ('Shrimp', 9), ('Fish&Chips', 10), ('Salmon', 2)]",945.5,-37.8203203,144.95772580000002,0,7.933,12.2527219
ORDZ04045,2018-02-07,09:10:59,Breakfast,NS,"[('Eggs', 1), ('Cereal', 2)]",64.0,-37.8003498,144.9796436,0,7.055,12.3506687
ORDC07497,2018-12-18,19:39:43,Dinner,NS,"[('Pasta', 10), ('Salmon', 6)]",521.0,-37.818691799999996,144.9815676,1,9.022,14.55851
ORDC04419,2018-01-18,08:30:25,Breakfast,NS,"[('Cereal', 7), ('Coffee', 7), ('Pancake', 5)]",320.75,-37.812216799999995,145.0156232,1,11.095999999999998,7.6693606
ORDC03723,2018-12-05,19:09:17,Dinner,NS,"[('Salmon', 3), ('Fish&Chips', 6)]",333.0,-37.8187764,144.9553333,0,7.6370000000000005,15.1997969
ORDC04404,2018-03-08,10:11:49,Breakfast,NS,"[('Cereal', 6), ('Eggs', 8), ('Pancake', 1), ('Coffee', 6)]",371.25,-37.8177973,144.9658647,0,8.448,13.7428687
ORDY01893,2018-03-28,10:52:23,Breakfast,TP,"[('Coffee', 10), ('Eggs', 8), ('Cereal', 8), ('Pancake', 1)]",443.25,-37.813086799999994,144.9634825,0,11.272,10.749295199999999
ORDJ05564,2018-03-27,10:42:15,Breakfast,TP,"[('Pancake', 2), ('Eggs', 2)]",92.5,-37.8125285,144.9538705,0,8.845,11.568028300000002
ORDB06427,2018-03-01,09:51:32,Breakfast,TP,"[('Pancake', 6), ('Cereal', 6)]",271.5,-37.8150666,144.9747849,0,8.457,11.8406824
ORDB02031,2018-06-22,13:44:47,Lunch,TP,"[('Fries', 3), ('Steak', 4), ('Chicken', 3)]",312.0,-37.817314200000006,144.9462462,0,9.373,12.208675
ORDC01298,2018-07-10,14:15:12,Lunch,NS,"[('Chicken', 7), ('Fries', 9)]",332.0,-37.8243871,144.9830569,0,9.384,14.8806296
ORDY07570,2018-11-28,18:59:09,Dinner,TP,"[('Pasta', 10), ('Shrimp', 9), ('Pancake', 8)]",1041.0,-37.8209222,144.96538130000002,0,7.347,11.267012199999998
ORDK09063,2018-05-05,12:03:22,Lunch,BK,"[('Burger', 10), ('Salad', 8), ('Fries', 3)]",483.6,-37.800424299999996,144.9598831,0,8.275,16.1849761
ORDX06571,2018-05-13,12:23:39,Lunch,BK,"[('Chicken', 10), ('Steak', 6), ('Fries', 1)]",602.0,-37.8011739,144.9416032,0,11.056,19.6076819
ORDK00372,2018-03-04,10:01:41,Breakfast,BK,"[('Coffee', 6), ('Cereal', 10)]",255.0,-37.8024693,144.9633457,0,7.817,15.144210399999999
ORDK06796,2018-03-21,10:32:06,Breakfast,BK,"[('Eggs', 7), ('Coffee', 6), ('Cereal', 9)]",388.0,-37.8120309,144.9595061,0,7.897,12.908790199999999
ORDC07622,2018-02-09,09:10:59,Breakfast,NS,"[('Eggs', 4), ('Coffee', 2)]",103.0,-37.8103869,144.9668321,0,7.3660000000000005,12.4344101
ORDA00606,2018-06-05,13:04:13,Lunch,BK,"[('Salad', 1), ('Burger', 1), ('Fries', 9)]",156.2,-37.8200537,144.95831030000002,0,8.281,14.285303899999999
ORDX04006,2018-12-01,19:09:17,Dinner,BK,"[('Fish&Chips', 9), ('Shrimp', 5), ('Pasta', 10)]",860.0,-37.799564000000004,144.96246580000002,0,8.193999999999999,17.2930714
ORDZ10807,2018-02-21,09:41:24,Breakfast,NS,"[('Eggs', 5), ('Cereal', 8), ('Coffee', 2), ('Pancake', 2)]",341.5,-37.8149275,144.99983569999998,0,9.937999999999999,15.4405128
ORDB03909,2018-08-19,15:36:20,Lunch,TP,"[('Fries', 4), ('Steak', 3), ('Chicken', 7)]",407.0,-37.81578629999999,144.95826709999997,0,8.822000000000001,13.183294
ORDJ01398,2018-09-09,16:16:54,Dinner,TP,"[('Pasta', 4), ('Fish&Chips', 8)]",390.0,-37.8181824,145.00399109999998,0,11.023,16.3472685
ORDJ05349,2018-01-14,08:20:16,Breakfast,TP,"[('Eggs', 10), ('Coffee', 6), ('Pancake', 10), ('Cereal', 1)]",528.5,-37.808563299999996,145.00016730000002,1,12.732999999999999,7.5088826
ORDI07759,2018-07-17,14:25:21,Lunch,NS,"[('Chicken', 9), ('Fries', 4), ('Salad', 7), ('Burger', 7), ('Pancake', 6)]",943.4,-37.8199807,144.9460108,0,9.771,15.745428099999998
ORDK05948,2018-04-22,11:32:57,Breakfast,BK,"[('Coffee', 9), ('Eggs', 3), ('Pancake', 5), ('Cereal', 4)]",338.75,-37.8191696,144.9522589,0,8.887,16.413556
ORDB02382,2018-08-29,15:56:37,Lunch,TP,"[('Steak', 10), ('Fries', 1), ('Salad', 10), ('Chicken', 4)]",762.0,-37.8206992,144.9548043,0,8.082,11.9846248
ORDI01705,2018-07-20,14:35:29,Lunch,NS,"[('Fries', 8), ('Chicken', 1), ('Salad', 8), ('Burger', 9), ('Steak', 6)]",814.6,-37.8122934,144.9540216,0,8.337,13.994017000000001
ORDA02976,2018-05-20,12:33:48,Lunch,BK,"[('Salad', 3), ('Burger', 2), ('Fries', 2), ('Chicken', 4)]",265.6,-37.8100036,144.9953046,0,4.551,12.563448199999998
ORDA01042,2018-03-11,10:11:49,Breakfast,BK,"[('Coffee', 5), ('Fries', 7), ('Cereal', 1), ('Pancake', 5)]",333.75,-37.8167011,144.9662052,0,7.537999999999999,14.6854057
ORDK07445,2018-05-16,12:23:39,Lunch,BK,"[('Salad', 4), ('Burger', 10)]",378.8,-37.79926470000001,145.0055896,0,4.937,10.3238767
ORDA01551,2018-12-06,19:09:17,Dinner,BK,"[('Fish&Chips', 3), ('Pasta', 10), ('Salmon', 4)]",544.0,-37.815569399999994,144.9666736,0,11.232999999999999,14.735882199999999
ORDX09673,2018-12-11,19:19:26,Dinner,BK,"[('Salmon', 2), ('Fish&Chips', 10), ('Pasta', 7), ('Shrimp', 5)]",894.5,-37.8110061,144.93910559999998,0,9.802999999999999,16.692068
ORDX08065,2018-03-13,10:21:58,Breakfast,BK,"[('Eggs', 1), ('Cereal', 6), ('Coffee', 4)]",178.0,-37.8101608,144.98072009999998,0,5.956,10.9439296
ORDX00511,2018-02-11,09:21:07,Breakfast,BK,"[('Eggs', 5), ('Cereal', 6)]",1164.5,-37.816087599999996,144.9722284,0,6.968,14.5530568
ORDI09365,2018-06-11,13:14:21,Lunch,NS,"[('Salad', 6), ('Fries', 6), ('Chicken', 6), ('Burger', 2)]",429.2,-37.829895,144.97132140000002,0,9.725,15.232208400000001
ORDY07432,2018-07-18,14:35:29,Lunch,TP,"[('Steak', 6), ('Salad', 4), ('Fries', 8), ('Burger', 5), ('Chicken', 4)]",717.8,-37.815535499999996,144.97738080000002,0,8.66,12.370728
ORDJ08195,2018-12-06,19:09:17,Dinner,TP,"[('Shrimp', 10), ('Fish&Chips', 10), ('Pasta', 7), ('Salmon', 4)]",1246.5,-37.815592200000005,144.9665938,0,7.957000000000001,12.0259944
ORDJ07929,2018-12-07,19:19:26,Dinner,TP,"[('Shrimp', 9), ('Salmon', 7), ('Fish&Chips', 2)]",843.0,-37.813376500000004,144.971656,0,8.648,13.026923599999998
ORDZ06050,2018-06-16,13:24:30,Lunch,NS,"[('Chicken', 3), ('Steak', 6)]",366.0,-37.8119745,145.01041830000003,0,9.27,17.808121300000003
ORDC06591,2018-11-09,18:18:35,Dinner,NS,"[('Pasta', 6), ('Pancake', 6), ('Fish&Chips', 2), ('Salmon', 8)]",887.0,-37.8196932,145.0106718,0,11.078,17.208196899999997
ORDK10385,2018-01-28,08:50:42,Breakfast,BK,"[('Eggs', 9), ('Salad', 1)]",222.25,-37.80492460000001,144.9348886,0,10.048,17.3269306
ORDK02678,2018-08-04,15:05:54,Lunch,BK,"[('Salad', 6), ('Steak', 6)]",373.2,-37.822095700000006,144.94969640000002,0,9.097000000000001,18.5097443
ORDK03760,2018-05-03,12:03:22,Lunch,BK,"[('Fries', 3), ('Salad', 9), ('Chicken', 8)]",446.8,-37.810799100000004,144.96369330000002,0,7.678999999999999,13.416141399999999
ORDI09916,2018-02-15,09:31:16,Breakfast,NS,"[('Cereal', 8), ('Eggs', 7), ('Coffee', 2), ('Pancake', 1)]",361.25,-37.8105343,144.9757192,0,7.699,12.789306
ORDY04373,2018-11-02,18:08:27,Dinner,TP,"[('Fish&Chips', 7), ('Salmon', 2), ('Shrimp', 6)]",389.5,-37.8193792,144.96120180000003,0,7.6370000000000005,11.633715400000002
ORDJ05236,2018-09-03,16:06:45,Dinner,TP,"[('Fish&Chips', 9), ('Pasta', 4), ('Salmon', 10)]",835.0,-37.8112033,144.9731309,1,8.874,13.3327904
ORDC03647,2018-03-27,10:42:15,Breakfast,NS,"[('Eggs', 10), ('Coffee', 3), ('Pancake', 3), ('Cereal', 10)]",525.25,-37.8125999,144.9539031,0,8.357000000000001,13.229034500000001
ORDY08626,2018-07-30,14:55:46,Lunch,TP,"[('Burger', 3), ('Steak', 3), ('Pancake', 4), ('Chicken', 7)]",520.8,-37.8003197,145.0098041,0,12.697000000000001,15.7296448
ORDX07487,2018-11-29,18:59:09,Dinner,BK,"[('Pasta', 9), ('Shrimp', 7)]",625.5,-37.8173524,144.98788480000002,0,5.875,12.905552499999999
ORDZ09808,2018-07-02,14:05:04,Lunch,NS,"[('Fries', 3), ('Burger', 5), ('Chicken', 5), ('Salad', 8)]",488.6,-37.812951899999995,144.9634807,0,7.857,13.308733100000001
ORDX07424,2018-07-22,14:45:38,Lunch,BK,"[('Burger', 10), ('Salad', 3), ('Steak', 5)]",586.6,-37.823627200000004,145.0075634,0,4.649,13.2630234
ORDY03628,2018-02-20,09:31:16,Breakfast,TP,"[('Cereal', 9), ('Pancake', 8), ('Coffee', 1), ('Eggs', 8)]",566.5,-37.823695,144.96721589999999,1,7.835,10.2383515
ORDA05257,2018-03-08,10:11:49,Breakfast,BK,"[('Cereal', 2), ('Pancake', 10), ('Eggs', 2), ('Coffee', 8)]",578.4,-37.805328499999995,144.98630769999997,0,5.82,10.6123076
ORDA02426,2018-12-31,20:00:00,Dinner,BK,"[('Fish&Chips', 7), ('Pasta', 9), ('Salmon', 3)]",615.5,-37.8044999,145.0020283,0,10.515,11.4990267
ORDA04803,2018-04-11,11:12:40,Breakfast,BK,"[('Pancake', 10), ('Eggs', 2), ('Coffee', 6), ('Cereal', 9)]",520.5,-37.8082401,144.9632852,0,7.53,12.3048804
ORDI03357,2018-11-20,18:38:52,Dinner,NS,"[('Fish&Chips', 2), ('Salmon', 1), ('Shrimp', 6), ('Pasta', 3)]",517.5,-37.8134339,144.9358028,0,10.183,15.634891699999999
ORDZ05699,2018-05-12,12:13:31,Lunch,NS,"[('Salad', 3), ('Fries', 5)]",111.6,-37.803158200000006,144.9627509,0,7.056,14.0927215
ORDZ06524,2018-09-10,16:16:54,Dinner,NS,"[('Fish&Chips', 4), ('Shrimp', 10), ('Pasta', 7), ('Salmon', 4)]",1036.5,-37.8061847,144.98656259999998,0,8.002,13.8799289
ORDB09684,2018-10-07,17:17:44,Dinner,TP,"[('Pasta', 3), ('Fish&Chips', 5), ('Shrimp', 5)]",527.5,-37.8084768,144.9607091,0,10.177,14.8177633
ORDI09495,2018-03-03,10:01:41,Breakfast,NS,"[('Coffee', 5), ('Cereal', 10)]",247.5,-37.809664899999994,144.9727582,0,7.281000000000001,14.567348999999998
ORDX10100,2018-02-18,09:31:16,Breakfast,BK,"[('Pancake', 6), ('Eggs', 9), ('Cereal', 3)]",406.5,-37.818545,144.99609990000002,0,5.171,12.836524699999998
ORDZ04584,2018-02-04,09:00:50,Breakfast,NS,"[('Coffee', 5), ('Cereal', 8), ('Eggs', 1), ('Pancake', 4)]",324.5,-37.8212464,144.9613796,0,9.061,15.9616435
ORDZ06385,2018-06-25,13:44:47,Lunch,NS,"[('Burger', 1), ('Pancake', 5), ('Chicken', 8), ('Fries', 3), ('Steak', 6)]",679.0,-37.824563299999994,144.982912,0,9.412,14.8223155
ORDY05540,2018-02-07,09:10:59,Breakfast,TP,"[('Coffee', 9), ('Cereal', 4), ('Eggs', 6), ('Pancake', 2)]",332.0,-37.801218799999994,145.0085809,0,12.732999999999999,15.0348226
ORDK07754,2018-07-19,14:35:29,Lunch,BK,"[('Chicken', 2), ('Fries', 6), ('Salad', 4)]",204.8,-37.8062807,144.98240800000002,0,8.288,12.138074900000001
ORDI06833,2018-10-26,17:48:10,Dinner,NS,"[('Salmon', 8), ('Pasta', 9), ('Fish&Chips', 10), ('Shrimp', 9)]",1411.5,-37.820523,144.9657444,0,8.933,15.2617395
ORDC01710,2018-07-13,14:25:21,Lunch,NS,"[('Steak', 3), ('Salad', 7), ('Burger', 2)]",317.4,-37.8174851,145.0052354,0,10.519,15.8357793
ORDJ08874,2018-03-20,10:32:06,Breakfast,TP,"[('Coffee', 2), ('Pancake', 7)]",184.75,-37.8095602,144.95748759999998,0,8.912,11.2052812
ORDC08399,2018-04-06,11:02:32,Breakfast,NS,"[('Coffee', 9), ('Pancake', 6), ('Cereal', 8), ('Eggs', 6)]",513.0,-37.8145324,144.95021169999998,0,10.347000000000001,15.4884742
ORDY02892,2018-10-23,17:48:10,Dinner,TP,"[('Fish&Chips', 7), ('Pasta', 5), ('Salmon', 6)]",628.5,-37.8197385,144.970092,0,7.75,12.2152574
ORDC01355,2018-12-06,19:19:26,Dinner,NS,"[('Salad', 1), ('Fish&Chips', 2)]",124.0,-37.8103794,145.0144404,0,10.757,16.9181979
ORDA09536,2018-11-20,18:38:52,Dinner,BK,"[('Shrimp', 9), ('Salmon', 3), ('Fish&Chips', 2), ('Pasta', 10)]",954.0,-37.8240225,144.990136,0,4.196000000000001,13.1093685
ORDA10041,2018-06-06,13:04:13,Lunch,BK,"[('Fries', 4), ('Chicken', 2)]",112.0,-37.8000334,144.9927071,0,5.881,11.375810699999999
ORDZ05673,2018-11-09,18:18:35,Dinner,NS,"[('Salmon', 4), ('Fish&Chips', 7), ('Pasta', 6), ('Shrimp', 3)]",736.0,-37.8193333,145.0065084,0,10.706,17.160974300000003
ORDZ07850,2018-10-24,17:48:10,Dinner,NS,"[('Pasta', 2), ('Fish&Chips', 5), ('Salmon', 9), ('Shrimp', 6)]",923.0,-37.8133599,144.9375612,1,9.854,15.333203400000002
ORDB06656,2018-05-14,12:23:39,Lunch,TP,"[('Fries', 5), ('Chicken', 1), ('Steak', 10), ('Salad', 4), ('Burger', 6)]",796.8,-37.8052151,144.9372108,0,10.715,13.7437848
ORDA10665,2018-02-15,09:21:07,Breakfast,BK,"[('Cereal', 3), ('Coffee', 5), ('Pancake', 4), ('Eggs', 4)]",285.5,-37.811754799999996,145.00043190000002,0,8.161,8.7649942
ORDC09952,2018-08-25,15:46:28,Lunch,NS,"[('Salad', 10), ('Fries', 10), ('Salmon', 3)]",427.0,-37.8181955,144.9689649,0,8.593,15.5426884
ORDB10373,2018-12-11,19:29:34,Dinner,TP,"[('Salmon', 6), ('Fish&Chips', 2)]",316.0,-37.825356400000004,144.9462415,0,8.946,12.8859413
ORDB08118,2018-10-02,17:07:36,Dinner,TP,"[('Salmon', 1), ('Fish&Chips', 7), ('Pasta', 8)]",506.0,-37.8018408,144.963403,0,9.554,13.7154837
ORDK06973,2018-04-02,11:02:32,Breakfast,BK,"[('Coffee', 2), ('Pancake', 3)]",87.75,-37.806973,145.00557849999998,0,4.022,8.9770158
ORDC07961,2018-02-13,09:21:07,Breakfast,NS,"[('Pancake', 3), ('Coffee', 10), ('Eggs', 2)]",191.75,-37.8249474,144.9922858,0,9.802,14.277829999999998
ORDJ07318,2018-03-29,10:52:23,Breakfast,TP,"[('Pancake', 6), ('Coffee', 10)]",220.5,-37.802356599999996,144.9577629,0,9.45,11.5767263
ORDI06152,2018-03-02,09:51:32,Breakfast,NS,"[('Coffee', 2), ('Cereal', 5), ('Eggs', 1), ('Pancake', 8)]",336.0,-37.8194497,145.01177619999999,1,11.213,16.113529999999997
ORDY09790,2018-07-18,14:35:29,Lunch,TP,"[('Steak', 3), ('Burger', 8), ('Chicken', 6), ('Fries', 6)]",647.0,-37.811589399999995,144.94078330000002,0,10.072000000000001,13.278255800000002
ORDJ10926,2018-11-25,18:49:00,Dinner,TP,"[('Salmon', 2), ('Pasta', 5)]",219.5,-37.8208667,144.98236169999998,1,9.014,14.8975788
ORDK01233,2018-10-22,17:48:10,Dinner,BK,"[('Fish&Chips', 9), ('Shrimp', 1), ('Salmon', 4), ('Pasta', 5)]",670.5,-37.8117319,145.00781569999998,1,3.485,9.3205666
ORDA05316,2018-11-15,18:28:43,Dinner,BK,"[('Salmon', 1), ('Fish&Chips', 5)]",216.0,-37.8183459,144.9793004,0,6.742000000000001,13.616282199999999
ORDX05907,2018-12-31,20:00:00,Dinner,BK,"[('Shrimp', 1), ('Fish&Chips', 2)]",124.0,-37.821075,144.9694435,0,7.7989999999999995,14.5860657
ORDC03775,2018-11-22,18:49:00,Dinner,NS,"[('Fish&Chips', 3), ('Shrimp', 4), ('Pasta', 3), ('Salmon', 10)]",813.5,-37.81136420000001,144.9734909,0,7.482,13.624324300000001
ORDK05824,2018-10-11,17:17:44,Dinner,BK,"[('Shrimp', 9), ('Fish&Chips', 9)]",801.0,-37.8230011,144.9708771,0,7.892,14.8195552
ORDX02339,2018-04-15,11:22:49,Breakfast,BK,"[('Cereal', 9), ('Eggs', 9), ('Pancake', 3)]",459.75,-37.817085,144.9850821,0,6.108,13.0127724
ORDB05610,2018-02-08,09:10:59,Breakfast,TP,"[('Coffee', 9), ('Pancake', 9)]",285.75,-37.8130453,144.9856635,0,9.536,11.9311271
ORDK06001,2018-07-03,14:05:04,Lunch,BK,"[('Salad', 8), ('Steak', 3)]",272.6,-37.809739799999996,144.9639217,0,7.394,12.7643559
ORDK07693,2018-09-06,16:16:54,Dinner,BK,"[('Shrimp', 5), ('Pasta', 9)]",517.5,-37.7993735,144.9931864,0,5.84,12.717509199999999
ORDI09855,2018-01-03,08:00:00,Breakfast,NS,"[('Eggs', 5), ('Pancake', 10), ('Cereal', 3)]",415.5,-37.8134657,144.9408574,1,8.472999999999999,7.105765600000001
ORDC00188,2018-07-13,14:25:21,Lunch,NS,"[('Chicken', 8), ('Salad', 10), ('Burger', 3), ('Steak', 3), ('Fries', 7)]",740.0,-37.816013500000004,144.99963469999997,0,9.925,15.5151499
ORDY08522,2018-05-02,11:53:14,Breakfast,TP,"[('Cereal', 10), ('Eggs', 5), ('Pancake', 9)]",538.25,-37.80854779999999,144.9533085,0,9.28,11.6606815
ORDB00077,2018-04-30,11:53:14,Breakfast,TP,"[('Pancake', 10), ('Cereal', 3)]",305.5,-37.8042546,144.9732459,0,8.369,11.8653461
ORDC09799,2018-11-16,18:38:52,Dinner,NS,"[('Salmon', 8), ('Shrimp', 5), ('Pasta', 2), ('Fish&Chips', 2)]",723.0,-37.81792,144.96710969999998,0,8.379,14.3048505
ORDX08571,2018-01-28,08:50:42,Breakfast,BK,"[('Eggs', 2), ('Pancake', 9)]",262.25,-37.8047307,144.9352156,0,10.025,17.381265
ORDC05472,2018-06-16,13:24:30,Lunch,NS,"[('Steak', 6), ('Salad', 7), ('Chicken', 10), ('Burger', 2)]",772.4,-37.818685200000004,144.9535365,0,9.197000000000001,16.6781618
ORDK01825,2018-06-29,13:54:55,Lunch,BK,"[('Chicken', 10), ('Shrimp', 8), ('Burger', 6)]",643.6,-37.803988000000004,144.9903656,0,5.544,11.051214100000001
ORDJ08228,2018-01-03,08:00:00,Breakfast,TP,"[('Coffee', 10), ('Eggs', 8), ('Pancake', 5), ('Cereal', 6)]",498.25,-37.799478,145.01411299999998,1,13.443,7.5150046
ORDZ04683,2018-12-10,19:19:26,Dinner,NS,"[('Fish&Chips', 4), ('Pasta', 5), ('Shrimp', 2)]",385.5,-37.820442299999996,144.96407380000002,0,8.863,14.9476393
ORDC02136,2018-12-19,19:39:43,Dinner,NS,"[('Fish&Chips', 5), ('Pasta', 5), ('Shrimp', 2)]",420.5,-37.814331700000004,144.9359226,0,10.064,16.2671655
ORDK04069,2018-06-17,13:34:38,Lunch,BK,"[('Chicken', 1), ('Salad', 10), ('Burger', 3), ('Fries', 5), ('Steak', 4)]",537.0,-37.8180463,144.9771669,0,7.482,15.999425500000001
ORDB01520,2018-11-13,18:28:43,Dinner,TP,"[('Pasta', 3), ('Fish&Chips', 5), ('Salmon', 3), ('Shrimp', 1)]",716.2,-37.804152200000004,144.9624688,0,9.341000000000001,14.4203264
ORDX04397,2018-11-07,18:18:35,Dinner,BK,"[('Pasta', 9), ('Salmon', 7), ('Shrimp', 10)]",902.0,-37.809293,144.9610516,0,7.711,15.091638199999998
ORDX03229,2018-02-27,09:51:32,Breakfast,BK,"[('Coffee', 3), ('Pancake', 1), ('Eggs', 10)]",266.75,-37.8105086,144.9656708,0,7.345,12.2827613
ORDI06527,2018-04-17,11:32:57,Breakfast,NS,"[('Eggs', 3), ('Coffee', 6)]",111.0,-37.8133613,144.9750289,0,7.792999999999999,12.731672999999999
ORDI09387,2018-06-25,13:44:47,Lunch,NS,"[('Fries', 10), ('Steak', 3), ('Salad', 2)]",289.4,-37.8243547,144.9845334,0,9.509,15.130872
ORDJ05657,2018-10-26,17:48:10,Dinner,TP,"[('Shrimp', 4), ('Pasta', 1), ('Salmon', 8), ('Fish&Chips', 7)]",816.5,-37.8082134,144.97435910000002,0,9.318999999999999,13.755007399999998
ORDX10934,2018-10-19,17:38:01,Dinner,BK,"[('Pasta', 7), ('Cereal', 3), ('Shrimp', 5)]",567.5,-37.8127348,144.97718490000003,0,6.495,13.204151699999999
ORDB02738,2018-08-08,15:16:03,Lunch,TP,"[('Chicken', 9), ('Burger', 7), ('Steak', 7), ('Salad', 3)]",871.6,-37.7995345,144.96307050000001,0,9.847000000000001,13.3792614
ORDK10736,2018-03-23,10:42:15,Breakfast,BK,"[('Pancake', 3), ('Coffee', 4), ('Eggs', 8)]",278.75,-37.820265,144.9854396,0,6.315,11.2644164
ORDY02572,2018-07-12,14:25:21,Lunch,TP,"[('Fries', 5), ('Steak', 1), ('Burger', 8), ('Chicken', 5)]",513.0,-37.82183920000001,144.95183400000002,0,8.484,12.272509
ORDJ08333,2018-05-05,12:03:22,Lunch,TP,"[('Chicken', 2), ('Salad', 2), ('Burger', 3), ('Fries', 2)]",215.4,-37.800424299999996,144.9598831,0,8.687000000000001,14.258128699999999
ORDB08470,2018-02-19,09:31:16,Breakfast,TP,"[('Coffee', 9), ('Eggs', 4), ('Pancake', 8)]",349.5,-37.806874,144.9782069,1,9.557,11.870748800000001
ORDJ06635,2018-10-31,17:58:18,Dinner,TP,"[('Pasta', 9), ('Fish&Chips', 10), ('Salmon', 4)]",761.5,-37.8157135,144.9983034,0,8.275,14.663852800000003
ORDX08464,2018-03-20,10:32:06,Breakfast,BK,"[('Eggs', 5), ('Pancake', 10), ('Coffee', 3)]",345.0,-37.8108822,144.9589878,0,7.846,13.160996300000003
ORDB07465,2018-05-26,12:43:56,Lunch,TP,"[('Chicken', 3), ('Salad', 6)]",199.2,-37.805249700000005,145.0151727,0,12.954,17.630128
ORDB09982,2018-05-16,12:23:39,Lunch,TP,"[('Chicken', 2), ('Fries', 7), ('Burger', 3), ('Steak', 2), ('Salad', 9)]",485.8,-37.8115975,144.9647755,0,8.416,11.615055
ORDK09650,2018-03-24,10:42:15,Breakfast,BK,"[('Eggs', 1), ('Pancake', 6), ('Coffee', 3)]",233.0,-37.8188221,144.9821646,0,6.499,13.8482392
ORDI10647,2018-12-25,19:49:51,Dinner,NS,"[('Pancake', 1), ('Salmon', 8), ('Pasta', 3), ('Shrimp', 3)]",607.5,-37.8158245,144.9326915,0,9.272,14.905919400000002
